customer_id,name,email,signup_date,city,country,age,gender,recency_days,frequency,monetary,avg_order_value,has_purchased
1,Allison Hill,donaldgarcia@example.net,2019-08-17,Sydney,Australia,63.0,M,373.0,2,1731.76,865.88,1
2,Angie Henderson,davisjesse@example.net,2023-02-25,Sydney,Australia,21.0,F,80.0,2,2567.68,1283.84,1
3,Cristian Santos,lrobinson@example.com,2021-10-31,Toronto,Canada,17.0,M,280.0,6,12657.74,2109.62,1
4,Abigail Shaffer,jpeterson@example.org,2020-03-27,Manchester,UK,53.0,M,1741.0,0,0.0,0.0,0
5,Gabrielle Davis,howardmaurice@example.com,2022-11-30,Chicago,USA,37.0,M,73.0,1,2723.52,2723.52,1
6,Monica Herrera,smiller@example.net,2019-07-09,Los Angeles,USA,22.0,F,2003.0,0,0.0,0.0,0
7,Shannon Ray,williamsjeremy@example.com,2023-02-03,New York,USA,50.0,F,154.0,1,1670.38,1670.38,1
8,Dr. Sharon James,xreid@example.org,2023-08-26,Vancouver,Canada,55.0,F,280.0,2,1667.84,833.92,1
9,Daniel Adams,lynchgeorge@example.net,2019-04-04,Los Angeles,USA,65.0,F,89.0,1,858.97,858.97,1
10,Joel Nelson,gabriellecameron@example.org,2021-02-17,Los Angeles,USA,45.0,F,80.0,1,1099.73,1099.73,1
11,Andrew Stewart,carl95@example.org,2022-10-04,Toronto,Canada,60.0,M,132.0,2,659.46,329.73,1
12,Jennifer Rocha,ithomas@example.org,2021-12-29,Chicago,USA,26.0,Other,385.0,3,3413.97,1137.99,1
13,Kimberly Burgess,zhurst@example.com,2022-02-14,Melbourne,Australia,59.0,F,150.0,2,2800.43,1400.22,1
14,Zachary Hicks,camposmichelle@example.org,2019-03-07,Mumbai,India,41.0,Other,586.0,1,2730.26,2730.26,1
15,Rebecca Henderson,cruzcaitlin@example.com,2023-01-10,Bangkok,Thailand,29.0,M,69.0,4,4889.54,1222.38,1
16,Tricia Valencia,frazierdanny@example.net,2019-10-20,Berlin,Germany,24.0,F,385.0,1,406.85,406.85,1
17,Patricia Peterson,ryan70@example.net,2021-05-27,Paris,France,41.0,F,662.0,2,4663.43,2331.72,1
18,Deborah Mason,williamrodriguez@example.net,2019-07-06,Berlin,Germany,71.0,M,122.0,5,7106.36,1421.27,1
19,Mark Lynch,nathanielmartin@example.net,2022-05-06,Manchester,UK,40.0,M,402.0,1,668.15,668.15,1
20,Linda Burns,hickmannatasha@example.com,2023-10-29,Munich,Germany,59.0,M,2.0,2,2447.23,1223.62,1
21,David Bradley,millertodd@example.org,2023-04-24,Vancouver,Canada,37.0,F,618.0,0,0.0,0.0,0
22,Kim Martinez,karroyo@example.com,2023-11-29,Melbourne,Australia,48.0,F,399.0,0,0.0,0.0,0
23,Lisa Brandt,jenniferross@example.net,2020-09-03,Sydney,Australia,48.0,M,173.0,2,922.89,461.44,1
24,Jessica Holmes,wrightcaleb@example.org,2024-05-06,Munich,Germany,,F,6.0,1,182.25,182.25,1
25,Crystal Robinson,zimmermanbrian@example.org,2021-01-13,Bangkok,Thailand,,Other,34.0,2,3351.43,1675.72,1
26,Shannon Jones,joshuawashington@example.net,2023-02-07,Los Angeles,USA,68.0,M,401.0,2,2098.0,1049.0,1
27,Timothy Duncan,esanchez@example.com,2022-09-13,Chicago,USA,51.0,M,841.0,0,0.0,0.0,0
28,Brent Jordan,ujenkins@example.org,2024-03-17,Toronto,Canada,64.0,F,290.0,0,0.0,0.0,0
29,Victoria Garcia,zchandler@example.org,2022-08-23,Sydney,Australia,44.0,F,417.0,3,36670.47,12223.49,1
30,Connor West,dwhite@example.org,2020-11-23,Los Angeles,USA,53.0,F,53.0,2,4031.86,2015.93,1
31,Angela Morton,williamsyvette@example.org,2022-07-16,Melbourne,Australia,30.0,F,616.0,2,1405.86,702.93,1
32,Tammy Allison,richardolson@example.com,2020-05-02,Munich,Germany,58.0,M,1705.0,0,0.0,0.0,0
33,Carmen Smith,ybaker@example.com,2022-03-15,Bangkok,Thailand,46.0,F,60.0,3,2435.81,811.94,1
34,Michael Cross,smoore@example.org,2019-07-18,Los Angeles,USA,43.0,M,316.0,2,1270.78,635.39,1
35,Lauren Daniels,brian97@example.net,2022-10-11,New York,USA,57.0,F,27.0,3,1961.15,653.72,1
36,Kim Brown,yorkcasey@example.org,2019-08-12,Mumbai,India,28.0,F,138.0,3,3060.83,1020.28,1
37,Cynthia Wilson,bethwilliams@example.org,2021-08-05,Vancouver,Canada,71.0,M,87.0,2,2112.58,1056.29,1
38,Kevin Mills,james53@example.com,2019-07-20,Munich,Germany,57.0,,207.0,2,945.44,472.72,1
39,Michael Evans,sarah10@example.com,2023-03-24,Bangkok,Thailand,26.0,M,280.0,1,753.53,753.53,1
40,Kristine Garcia,williamanderson@example.com,2019-05-01,Bangkok,Thailand,,Other,123.0,1,1338.71,1338.71,1
41,Sherry Wood,samueldaniels@example.com,2021-07-20,Singapore,Singapore,43.0,M,402.0,1,976.57,976.57,1
42,Victoria Valdez,contrerasangela@example.net,2023-01-11,Sydney,Australia,25.0,F,345.0,2,3107.95,1553.98,1
43,Shawn Baker,newtoneric@example.com,2022-01-15,Melbourne,Australia,63.0,M,613.0,3,1929.68,643.23,1
44,Michelle Harris,william40@example.org,2023-10-13,Bangkok,Thailand,,M,129.0,1,507.03,507.03,1
45,Sandra Williams,kellie42@example.net,2022-05-03,Los Angeles,USA,59.0,Other,82.0,1,505.52,505.52,1
46,Michael Hoffman,jonesnicole@example.org,2020-05-19,Paris,France,,M,1688.0,0,0.0,0.0,0
47,Sandra Aguilar,russellwilliams@example.com,2021-12-06,Paris,France,75.0,F,910.0,1,443.54,443.54,1
48,Rebecca Valencia,jason31@example.com,2021-03-21,Vancouver,Canada,58.0,Other,416.0,3,4677.35,1559.12,1
49,Stacey Russell,sarayoung@example.org,2019-05-29,Bangkok,Thailand,45.0,F,357.0,1,859.22,859.22,1
50,Rita Keith,whitesandra@example.com,2020-03-12,Munich,Germany,32.0,F,138.0,1,458.05,458.05,1
51,Sharon Cochran,erik16@example.org,2021-01-26,Toronto,Canada,26.0,F,546.0,1,3160.71,3160.71,1
52,Courtney Velasquez,ybailey@example.org,2022-09-01,Singapore,Singapore,16.0,Other,290.0,2,2165.46,1082.73,1
53,Matthew Ross,michelle45@example.net,2024-04-06,Los Angeles,USA,32.0,M,9.0,3,2520.05,840.02,1
54,Meghan Anthony,sheila14@example.org,2020-07-31,Vancouver,Canada,29.0,M,73.0,4,2441.45,610.36,1
55,Victoria Johnson,yreed@example.com,2021-11-01,Vancouver,Canada,32.0,F,1081.0,1,41.76,41.76,1
56,William Wilson,jonathanfletcher@example.org,2023-08-26,Manchester,UK,,M,103.0,3,3703.39,1234.46,1
57,Renee Mcdaniel,michaeljones@example.net,2019-11-27,Vancouver,Canada,51.0,F,116.0,3,2271.34,757.11,1
58,Lisa Alvarado,cortezkevin@example.com,2022-11-16,Bangkok,Thailand,,M,98.0,2,3574.34,1787.17,1
59,Erika Terry,jamesortega@example.com,2019-09-19,Manchester,UK,35.0,,29.0,1,545.26,545.26,1
60,Stephanie Gilbert,richard04@example.com,2024-01-15,New York,USA,29.0,F,132.0,1,3627.5,3627.5,1
61,Richard Lawson,steven73@example.net,2023-12-16,Munich,Germany,55.0,F,196.0,2,1171.91,585.96,1
62,Steven Flynn,donnacampbell@example.net,2024-06-22,Chicago,USA,72.0,Other,193.0,0,0.0,0.0,0
63,Frances Cardenas,emilywalker@example.org,2024-03-21,Singapore,Singapore,67.0,F,260.0,1,1357.69,1357.69,1
64,Angel Riggs,gibsonolivia@example.net,2023-06-01,Chicago,USA,40.0,F,66.0,3,2726.35,908.78,1
65,Michael Snyder,dylanwatts@example.org,2024-02-24,Mumbai,India,38.0,F,18.0,1,1018.52,1018.52,1
66,Colleen Brock,pwilliams@example.org,2022-09-13,New York,USA,41.0,,244.0,3,25757.09,8585.7,1
67,Robert Contreras,stephanie79@example.net,2020-12-20,Vancouver,Canada,48.0,M,638.0,2,2397.36,1198.68,1
68,Jessica Meadows,vmerritt@example.com,2019-08-25,New York,USA,27.0,F,970.0,1,1559.33,1559.33,1
69,Paul Larsen,katie87@example.net,2021-06-08,Paris,France,62.0,,99.0,2,2681.05,1340.52,1
70,Jeremiah Reeves,josephflores@example.net,2021-02-27,Los Angeles,USA,28.0,F,32.0,4,2787.15,696.79,1
71,Chris Reyes,jasminebrown@example.com,2023-07-10,Bangkok,Thailand,59.0,M,420.0,2,2386.23,1193.12,1
72,John Brown,xprice@example.net,2021-06-02,London,UK,58.0,M,1309.0,0,0.0,0.0,0
73,Alicia Gilmore,wwoods@example.com,2023-01-14,Los Angeles,USA,48.0,F,46.0,5,14570.22,2914.04,1
74,Sarah Ashley,vmedina@example.net,2022-02-09,Vancouver,Canada,28.0,M,1057.0,0,0.0,0.0,0
75,Stephanie Freeman,ryan06@example.com,2019-12-23,Bangkok,Thailand,52.0,F,1836.0,0,0.0,0.0,0
76,Rebecca Ramsey,ncalhoun@example.net,2020-03-06,Vancouver,Canada,66.0,M,352.0,1,335.52,335.52,1
77,James Elliott,millerroy@example.com,2022-10-15,Berlin,Germany,48.0,M,56.0,1,438.44,438.44,1
78,David Murphy,wmurphy@example.com,2022-09-11,Chicago,USA,34.0,F,412.0,2,3014.73,1507.36,1
79,Trevor Fisher,ruizkaitlyn@example.org,2024-05-03,Mumbai,India,59.0,F,61.0,2,534.89,267.44,1
80,Mrs. Marie Harrington DDS,herringjames@example.org,2020-05-16,New York,USA,55.0,F,937.0,1,1749.06,1749.06,1
81,Cynthia Wells,elliottjeffery@example.net,2022-03-24,Sydney,Australia,61.0,F,248.0,2,1348.9,674.45,1
82,Jacob Obrien,stricklandfrank@example.com,2022-11-09,Sydney,Australia,73.0,F,82.0,3,2565.23,855.08,1
83,Alexander Collins,tsanders@example.org,2020-03-24,Manchester,UK,67.0,F,307.0,2,779.56,389.78,1
84,Michael Burton,terrykevin@example.net,2024-02-22,Toronto,Canada,45.0,M,10.0,2,3900.08,1950.04,1
85,Barbara Riggs,reedross@example.com,2022-05-04,Munich,Germany,64.0,M,973.0,0,0.0,0.0,0
86,Matthew Smith,gshort@example.com,2021-05-23,Munich,Germany,44.0,M,373.0,2,1786.04,893.02,1
87,Madison Poole,ryangross@example.net,2023-03-20,Vancouver,Canada,69.0,M,653.0,0,0.0,0.0,0
88,Robert Medina,umarshall@example.net,2020-05-04,Sydney,Australia,44.0,F,893.0,1,338.4,338.4,1
89,Samuel Rivas,ramirezshannon@example.com,2024-01-03,London,UK,21.0,M,53.0,6,4099.09,683.18,1
90,Mary Rogers,lrosales@example.com,2020-03-14,Melbourne,Australia,42.0,F,13.0,3,1950.47,650.16,1
91,Robert Peterson,angela83@example.org,2023-09-02,Toronto,Canada,40.0,M,83.0,2,4644.12,2322.06,1
92,Jason Peters,hannahbrewer@example.com,2023-12-09,Mumbai,India,40.0,F,143.0,1,835.58,835.58,1
93,Alan Phillips,tholt@example.net,2023-10-14,Manchester,UK,50.0,M,253.0,3,2047.77,682.59,1
94,Kara Schmidt,jbarajas@example.com,2021-09-26,,Canada,33.0,F,87.0,5,7635.87,1527.17,1
95,Jesse Parker,davidlee@example.org,2023-06-23,Sydney,Australia,62.0,F,196.0,3,4848.67,1616.22,1
96,Tiffany Vaughn,javierwashington@example.net,2021-12-29,Paris,France,74.0,F,276.0,5,4741.06,948.21,1
97,Paige Carlson,wallkenneth@example.com,2021-05-27,Sydney,Australia,71.0,F,729.0,3,4950.24,1650.08,1
98,Adrian Ferguson,brandon08@example.com,2021-07-20,Toronto,Canada,37.0,M,1261.0,0,0.0,0.0,0
99,Beth Oneill,agarcia@example.net,2021-05-13,,India,69.0,M,770.0,1,726.58,726.58,1
100,John Peterson,kingmichelle@example.org,2020-04-04,London,UK,20.0,M,261.0,3,3880.64,1293.55,1
101,Jennifer Jones,hernandezlisa@example.com,2020-02-13,Toronto,Canada,55.0,M,146.0,3,3903.34,1301.11,1
102,David Grant,yobrien@example.net,2024-04-25,Paris,France,45.0,F,113.0,2,935.57,467.78,1
103,Joseph Hayes,levans@example.com,2024-05-27,Paris,France,65.0,F,33.0,1,216.83,216.83,1
104,Marc Lynch,mezajared@example.org,2024-03-17,New York,USA,52.0,F,133.0,2,1935.39,967.7,1
105,Brad Allen,moorericky@example.net,2020-02-11,Melbourne,Australia,53.0,F,225.0,4,3462.12,865.53,1
106,Doris Hall,jacqueline71@example.net,2020-09-09,Singapore,Singapore,67.0,M,1575.0,0,0.0,0.0,0
107,Dennis Moody,ronaldstephens@example.net,2021-12-27,London,UK,58.0,F,1101.0,0,0.0,0.0,0
108,Derek Thomas,martinkyle@example.net,2021-05-10,Mumbai,India,22.0,M,186.0,4,1820.98,455.24,1
109,Tammy Gonzales,sbarker@example.com,2022-12-19,Berlin,Germany,43.0,M,126.0,2,2538.02,1269.01,1
110,Kathryn Snyder,georgepamela@example.net,2023-07-14,Paris,France,65.0,M,361.0,2,2357.01,1178.51,1
111,David Davis,keyemily@example.com,2020-10-22,Vancouver,Canada,69.0,F,131.0,1,3685.06,3685.06,1
112,Pamela Thompson,lmoon@example.net,2021-08-09,Singapore,Singapore,55.0,M,520.0,3,5012.86,1670.95,1
113,Robert Costa,vbailey@example.com,2020-01-08,London,UK,29.0,F,467.0,2,985.19,492.6,1
114,Shannon Rivera,zroberts@example.net,2022-12-07,Paris,France,,F,96.0,1,1131.15,1131.15,1
115,Brandon King,cordovarichard@example.net,2021-04-12,Melbourne,Australia,51.0,M,224.0,1,1906.3,1906.3,1
116,April Booth,mgutierrez@example.net,2021-07-06,Berlin,Germany,21.0,F,610.0,1,1366.46,1366.46,1
117,Peter Garrett,harrisandrea@example.com,2022-04-06,Sydney,Australia,46.0,,31.0,1,583.3,583.3,1
118,Michael Martinez,jennifercollins@example.org,2020-11-08,Munich,Germany,60.0,F,605.0,3,2336.61,778.87,1
119,Anna Gay,murraydavid@example.org,2020-01-30,Melbourne,Australia,23.0,M,162.0,2,1280.62,640.31,1
120,Dr. Jordan Hill PhD,jsanchez@example.org,2020-03-19,Toronto,Canada,33.0,M,534.0,2,2329.73,1164.86,1
121,Thomas Romero,michellehill@example.com,2019-07-25,Vancouver,Canada,34.0,F,40.0,4,5428.73,1357.18,1
122,Richard Adams,campbellkenneth@example.net,2019-09-17,Munich,Germany,18.0,M,453.0,2,3466.47,1733.24,1
123,Mary Grimes,wryan@example.com,2022-07-30,Chicago,USA,22.0,M,271.0,4,38698.77,9674.69,1
124,Kimberly Gibson,molly39@example.com,2020-11-28,Berlin,Germany,19.0,F,220.0,2,2838.44,1419.22,1
125,Reginald Williams,zthornton@example.com,2021-03-31,Los Angeles,USA,20.0,F,165.0,2,1275.08,637.54,1
126,Matthew Hoover,tylerjohnson@example.net,2022-02-26,Singapore,Singapore,21.0,M,484.0,4,6454.51,1613.63,1
127,Evelyn Garcia,dgarcia@example.org,2022-05-05,Paris,France,30.0,M,126.0,2,893.86,446.93,1
128,Jennifer Pena,charlesharrington@example.com,2023-10-28,Vancouver,Canada,43.0,M,294.0,1,782.81,782.81,1
129,Michael Santos,melissa86@example.com,2019-07-23,Melbourne,Australia,56.0,F,566.0,2,560.54,280.27,1
130,Stacy Freeman,williamsonjimmy@example.net,2022-02-04,Chicago,USA,,M,865.0,1,1959.66,1959.66,1
131,Yolanda Francis,wgood@example.net,2019-03-08,Vancouver,Canada,34.0,F,42.0,3,8848.0,2949.33,1
132,Ashlee Jackson,rebecca05@example.org,2020-04-23,Sydney,Australia,66.0,M,165.0,4,6780.56,1695.14,1
133,James Thomas,yknight@example.org,2021-05-20,Toronto,Canada,50.0,F,517.0,4,4511.2,1127.8,1
134,Bob Pitts,tyleraguilar@example.org,2019-05-27,Chicago,USA,26.0,M,1040.0,1,1716.28,1716.28,1
135,David Scott,nolansteven@example.com,2020-08-14,Bangkok,Thailand,23.0,F,301.0,2,1280.4,640.2,1
136,Brooke Alexander,vanessa46@example.net,2021-10-21,Vancouver,Canada,47.0,M,904.0,1,598.38,598.38,1
137,Ryan Gonzalez,gcastaneda@example.org,2020-10-22,Melbourne,Australia,,M,173.0,3,5579.49,1859.83,1
138,Ian Phillips,andrew64@example.org,2022-03-24,Mumbai,India,17.0,F,452.0,1,932.57,932.57,1
139,Melissa Garner,lozanojulie@example.com,2023-04-12,New York,USA,46.0,F,309.0,1,1204.93,1204.93,1
140,Crystal Pham,danaoliver@example.net,2021-06-11,Paris,France,68.0,F,408.0,2,2053.08,1026.54,1
141,Patricia Becker,courtneyberger@example.net,2020-10-19,London,UK,70.0,M,499.0,3,6753.83,2251.28,1
142,Richard Johnson,jessica14@example.com,2024-04-19,Sydney,Australia,68.0,F,38.0,4,5365.85,1341.46,1
143,Casey Anderson,alyssa42@example.com,2020-10-24,Vancouver,Canada,65.0,,1530.0,0,0.0,0.0,0
144,Terry Coffey,julie51@example.com,2023-11-16,Sydney,Australia,45.0,F,120.0,1,493.27,493.27,1
145,Brenda Levy,zcoffey@example.net,2021-10-17,Singapore,Singapore,44.0,M,49.0,3,4338.07,1446.02,1
146,Richard Smith,gibsonemily@example.net,2020-08-12,Bangkok,Thailand,72.0,,986.0,1,311.75,311.75,1
147,James Little,daniel37@example.org,2023-06-25,Paris,France,61.0,M,80.0,2,1770.69,885.34,1
148,Terri Murphy,deborahreid@example.com,2020-04-05,Los Angeles,USA,45.0,F,48.0,2,618.73,309.36,1
149,Elizabeth Ortiz,brandonjohnson@example.com,2023-01-07,Bangkok,Thailand,48.0,M,126.0,2,2134.55,1067.28,1
150,David Medina,qchavez@example.net,2020-05-14,Berlin,Germany,51.0,M,527.0,2,2342.28,1171.14,1
151,Kimberly Matthews,nicolepena@example.com,2023-12-06,Melbourne,Australia,71.0,M,337.0,1,902.99,902.99,1
152,Teresa Ramirez,jeff73@example.com,2024-03-28,London,UK,33.0,F,37.0,5,4114.75,822.95,1
153,Michael Stephens,bruce43@example.org,2022-04-02,Paris,France,71.0,F,1005.0,0,0.0,0.0,0
154,Samantha Davis,darleneharper@example.org,2023-04-12,Munich,Germany,40.0,F,19.0,3,880.99,293.66,1
155,Gavin Zhang,caseyhubbard@example.org,2020-05-04,Melbourne,Australia,40.0,F,750.0,1,1348.01,1348.01,1
156,Robin Hall,kristinacarlson@example.com,2021-08-26,Melbourne,Australia,40.0,M,3.0,3,1893.98,631.33,1
157,Brianna Anderson,lauren10@example.org,2021-10-11,Chicago,USA,24.0,M,230.0,2,1829.83,914.92,1
158,Richard Young,alfred40@example.org,2023-09-27,Mumbai,India,22.0,M,462.0,0,0.0,0.0,0
159,Kelly Reese,xwest@example.net,2023-11-19,Manchester,UK,25.0,F,259.0,2,877.25,438.62,1
160,Jodi Walker,acostaregina@example.net,2022-11-19,Paris,France,57.0,M,86.0,3,1323.74,441.25,1
161,Judith Maynard,lutzmelanie@example.com,2021-02-17,Munich,Germany,56.0,M,1414.0,0,0.0,0.0,0
162,Katherine Browning,lammarc@example.org,2022-06-18,New York,USA,31.0,,15.0,3,6641.14,2213.71,1
163,Donald Schultz,oscar98@example.com,2019-07-05,Melbourne,Australia,22.0,F,439.0,3,13986.1,4662.03,1
164,Larry Garcia,farrelldebra@example.net,2022-11-22,Chicago,USA,,F,521.0,2,3811.8,1905.9,1
165,Cindy Hayes,robertwilcox@example.com,2021-02-06,London,UK,25.0,M,184.0,2,1516.26,758.13,1
166,Brandon Simmons,nicholas27@example.org,2019-12-15,Chicago,USA,21.0,M,186.0,2,2188.81,1094.4,1
167,Bradley Reynolds,lisa80@example.net,2024-02-13,Berlin,Germany,25.0,F,111.0,2,3412.1,1706.05,1
168,Kristina Santiago,qgomez@example.com,2019-01-20,Sydney,Australia,73.0,F,182.0,1,534.21,534.21,1
169,Michelle Schmitt,michael98@example.org,2022-04-18,London,UK,56.0,F,584.0,2,2420.96,1210.48,1
170,John Boone,megan51@example.com,2020-02-12,Vancouver,Canada,70.0,M,1785.0,0,0.0,0.0,0
171,Renee Bruce,lynchdiane@example.net,2020-08-28,Paris,France,17.0,F,439.0,1,68.36,68.36,1
172,Christopher Park,sandra50@example.org,2023-11-07,Paris,France,74.0,M,421.0,0,0.0,0.0,0
173,Kylie Morales,joycebonilla@example.org,2023-05-08,Vancouver,Canada,54.0,F,386.0,1,393.75,393.75,1
174,Cindy Barnes,eric45@example.net,2022-10-20,Vancouver,Canada,56.0,F,804.0,0,0.0,0.0,0
175,Sophia Moore,craigjoseph@example.net,2021-06-21,Singapore,Singapore,53.0,M,278.0,4,4290.55,1072.64,1
176,Lawrence Perry,kariwilson@example.com,2023-03-11,London,UK,27.0,M,467.0,3,1673.23,557.74,1
177,Michael Watkins,brandon69@example.org,2021-12-23,London,UK,74.0,M,1105.0,0,0.0,0.0,0
178,Eric Clark,kathrynroberts@example.org,2024-06-04,Berlin,Germany,63.0,M,103.0,3,3078.88,1026.29,1
179,Paul Thompson,opatel@example.net,2019-10-16,Los Angeles,USA,71.0,F,186.0,6,6032.81,1005.47,1
180,Mary Gomez,chensley@example.com,2023-07-06,Mumbai,India,39.0,F,523.0,1,967.04,967.04,1
181,Thomas Atkins,tberry@example.net,2021-07-20,Los Angeles,USA,59.0,F,564.0,1,355.8,355.8,1
182,Brian Smith,george97@example.net,2024-04-09,Sydney,Australia,22.0,M,176.0,1,1086.86,1086.86,1
183,Anita Richard,ryanmorales@example.org,2020-11-02,Munich,Germany,30.0,M,979.0,1,919.59,919.59,1
184,Eric Morgan,kimberly18@example.net,2020-09-10,Melbourne,Australia,42.0,F,240.0,1,2966.32,2966.32,1
185,Jordan Bullock,michael23@example.org,2019-08-26,Berlin,Germany,31.0,F,429.0,2,1694.11,847.06,1
186,Craig Morrison,thompsonkendra@example.com,2024-04-28,Sydney,Australia,42.0,M,27.0,3,2378.4,792.8,1
187,Justin Riley,michelle52@example.com,2019-07-22,Sydney,Australia,55.0,F,426.0,2,3849.79,1924.9,1
188,Jeremy Turner,brittany58@example.org,2020-03-20,London,UK,44.0,F,584.0,2,1121.87,560.93,1
189,Jesse Brown,chase19@example.net,2021-01-22,Sydney,Australia,73.0,F,219.0,2,974.82,487.41,1
190,Julie Spencer,colelisa@example.net,2024-06-05,Toronto,Canada,70.0,F,78.0,3,1878.62,626.21,1
191,Larry Mason,hayeslisa@example.com,2022-05-07,Sydney,Australia,19.0,F,431.0,1,1522.32,1522.32,1
192,Mrs. Maria Williams,hritter@example.net,2020-02-25,Paris,France,69.0,F,459.0,1,2589.34,2589.34,1
193,Helen Hardin,vortiz@example.net,2020-04-22,Mumbai,India,65.0,F,140.0,2,2027.34,1013.67,1
194,Rachel Holland,riveraangela@example.com,2019-10-24,Mumbai,India,50.0,M,960.0,1,289.24,289.24,1
195,Nathaniel Douglas,mathewaguilar@example.org,2019-09-27,New York,USA,38.0,F,86.0,4,2360.16,590.04,1
196,Emily Douglas,tanderson@example.org,2020-06-27,Chicago,USA,24.0,M,1649.0,0,0.0,0.0,0
197,James Conner,elizabethcalderon@example.net,2021-07-07,Berlin,Germany,48.0,F,695.0,2,1287.83,643.92,1
198,Susan Davis DDS,andrew42@example.org,2019-03-30,Paris,France,49.0,F,457.0,2,1940.02,970.01,1
199,Ralph Lee,ericphillips@example.org,2023-10-02,Berlin,Germany,43.0,M,457.0,0,0.0,0.0,0
200,Kimberly Rodgers,stanleynancy@example.net,2024-01-16,Los Angeles,USA,36.0,F,4.0,2,2318.17,1159.08,1
201,James Martin,jenniferwilliams@example.com,2022-04-13,Sydney,Australia,61.0,M,981.0,1,445.65,445.65,1
202,Cynthia Wallace,karen73@example.net,2021-11-01,Berlin,Germany,43.0,M,36.0,2,3854.73,1927.36,1
203,Vincent Mueller,michealvalentine@example.com,2023-12-03,Sydney,Australia,62.0,M,131.0,1,1256.72,1256.72,1
204,Douglas Reyes,mburch@example.net,2020-11-25,Manchester,UK,41.0,F,1.0,1,1194.25,1194.25,1
205,David Davidson,angela18@example.org,2020-06-06,Sydney,Australia,25.0,F,643.0,1,705.46,705.46,1
206,Phillip Nelson,mariahdavis@example.org,2019-07-10,Los Angeles,USA,22.0,F,150.0,1,638.37,638.37,1
207,Stacey Arias,gbrown@example.com,2022-04-16,New York,USA,51.0,F,222.0,2,26716.88,13358.44,1
208,Zachary Brooks,florescory@example.net,2024-04-11,Sydney,Australia,71.0,F,148.0,2,714.59,357.3,1
209,Raven Taylor,samantha72@example.net,2020-12-21,Vancouver,Canada,52.0,M,10.0,3,4991.65,1663.88,1
210,Luis Bullock,scottmary@example.net,2019-08-10,Mumbai,India,70.0,F,782.0,2,2091.13,1045.56,1
211,Lisa Henderson,john10@example.org,2023-07-12,Toronto,Canada,70.0,M,435.0,1,2379.75,2379.75,1
212,Riley Bryant,copelandvincent@example.net,2022-08-09,Sydney,Australia,17.0,M,339.0,4,11136.48,2784.12,1
213,Jose Allen,kellysmith@example.com,2020-01-05,New York,USA,60.0,F,181.0,2,349.06,174.53,1
214,Jason Beck,millsmichael@example.net,2023-11-17,Chicago,USA,52.0,M,188.0,1,1552.0,1552.0,1
215,Rachel Romero,myerstheodore@example.net,2019-07-07,New York,USA,29.0,F,447.0,3,4789.38,1596.46,1
216,James Burgess,kristina53@example.net,2023-01-17,Vancouver,Canada,65.0,M,39.0,2,1991.78,995.89,1
217,Ashley Perkins,dennis58@example.com,2019-11-19,Chicago,USA,19.0,M,297.0,1,514.85,514.85,1
218,Carrie Maxwell,epollard@example.net,2022-05-28,Berlin,Germany,42.0,F,611.0,1,751.67,751.67,1
219,Chad Baldwin,mjohnson@example.org,2019-08-16,Manchester,UK,59.0,M,257.0,3,2360.92,786.97,1
220,Stacey Stewart,zachary87@example.com,2020-03-27,New York,USA,,Other,516.0,5,7929.91,1585.98,1
221,Matthew Mitchell,glennmartin@example.org,2019-10-09,,Singapore,34.0,M,1022.0,1,740.18,740.18,1
222,Jessica Ross,ykline@example.com,2019-09-22,Chicago,USA,50.0,M,62.0,4,2634.17,658.54,1
223,Kathleen Jimenez,laurie61@example.com,2020-12-26,Singapore,Singapore,41.0,F,711.0,1,206.01,206.01,1
224,Samantha Gardner,curtis54@example.com,2019-06-09,Bangkok,Thailand,52.0,M,2033.0,0,0.0,0.0,0
225,Mitchell Jackson,cbell@example.net,2019-08-24,Vancouver,Canada,17.0,Other,139.0,1,205.46,205.46,1
226,Heather Bolton,danielle01@example.net,2023-08-31,Berlin,Germany,21.0,F,142.0,2,2050.58,1025.29,1
227,Heidi Owen,stephaniethomas@example.net,2021-12-09,Manchester,UK,41.0,F,1119.0,0,0.0,0.0,0
228,Jessica Martinez,kimberlydiaz@example.com,2019-12-11,Singapore,Singapore,48.0,F,212.0,4,3886.75,971.69,1
229,Amanda Hernandez,xrush@example.com,2020-12-16,Singapore,Singapore,62.0,F,55.0,7,15743.82,2249.12,1
230,Laura Moreno,redwards@example.org,2019-10-27,Los Angeles,USA,28.0,M,218.0,2,1553.96,776.98,1
231,Allison Lopez,hmcintyre@example.com,2019-12-29,Los Angeles,USA,47.0,M,427.0,2,554.49,277.24,1
232,Michele Lewis,heather73@example.org,2024-03-07,Sydney,Australia,57.0,M,287.0,1,1927.03,1927.03,1
233,Benjamin Thompson,zosborn@example.net,2020-10-09,Sydney,Australia,44.0,F,1545.0,0,0.0,0.0,0
234,Victoria Contreras,piercekelly@example.com,2022-04-26,Vancouver,Canada,38.0,F,746.0,1,440.13,440.13,1
235,Michelle Ho,laurahicks@example.org,2021-01-25,New York,USA,20.0,F,317.0,2,3350.73,1675.36,1
236,Dr. Cynthia Snyder,angela57@example.net,2021-11-04,Paris,France,45.0,M,500.0,3,1235.77,411.92,1
237,Stephen Jones,ukey@example.com,2021-07-10,New York,USA,57.0,M,166.0,4,15208.35,3802.09,1
238,Patricia Morrow,martinezlogan@example.org,2021-07-11,New York,USA,67.0,M,1000.0,1,970.35,970.35,1
239,Michael Cooper,katrinaanderson@example.net,2022-08-16,Munich,Germany,18.0,F,578.0,2,3762.08,1881.04,1
240,Amy Martinez,kevinmartin@example.net,2022-06-02,Munich,Germany,39.0,F,29.0,4,23088.07,5772.02,1
241,Travis Stone,meghan43@example.net,2022-10-22,London,UK,19.0,F,588.0,1,275.21,275.21,1
242,Denise Weber,shawgary@example.net,2022-02-16,Los Angeles,USA,34.0,,184.0,1,2112.58,2112.58,1
243,Matthew Le,megan90@example.org,2023-11-24,Paris,France,37.0,M,187.0,4,6376.75,1594.19,1
244,Travis Wise,debra96@example.net,2024-06-04,Vancouver,Canada,60.0,M,45.0,2,3898.68,1949.34,1
245,Kathleen Burton,dawn47@example.org,2020-09-26,Los Angeles,USA,40.0,F,9.0,2,1155.17,577.58,1
246,Melinda Evans,barkereric@example.com,2023-08-25,Melbourne,Australia,21.0,F,66.0,3,3300.96,1100.32,1
247,Mr. Lawrence Edwards,jessica56@example.org,2020-09-24,London,UK,29.0,F,728.0,2,838.12,419.06,1
248,Kayla Rodriguez,stevenadams@example.org,2019-11-14,Chicago,USA,34.0,M,174.0,3,3440.55,1146.85,1
249,Anthony Dougherty,kwright@example.com,2023-02-21,Mumbai,India,18.0,M,671.0,1,78.37,78.37,1
250,Michelle Lee,tyronerobertson@example.com,2021-02-10,Paris,France,26.0,M,469.0,2,2946.66,1473.33,1
251,Kathleen Davis,pwagner@example.org,2019-12-06,Bangkok,Thailand,18.0,F,27.0,4,5011.97,1252.99,1
252,Amber Campbell,amitchell@example.org,2022-06-04,Berlin,Germany,64.0,M,652.0,1,621.46,621.46,1
253,Stephen Luna,zdiaz@example.org,2024-05-31,Vancouver,Canada,73.0,Other,37.0,4,2869.17,717.29,1
254,Chloe Tran,hughesshannon@example.net,2021-08-03,Berlin,Germany,65.0,,701.0,2,1357.21,678.6,1
255,William Becker,andersoncolin@example.com,2020-02-13,Mumbai,India,24.0,M,749.0,1,2934.58,2934.58,1
256,Gina Mcmillan,jameshicks@example.net,2022-02-09,London,UK,61.0,F,371.0,1,1785.06,1785.06,1
257,Andrew Reeves,jstone@example.net,2019-11-25,Singapore,Singapore,44.0,F,253.0,3,5615.23,1871.74,1
258,Brenda Velazquez,francisco94@example.net,2020-03-30,,Thailand,72.0,F,522.0,2,863.64,431.82,1
259,Ronald Patel,thomas05@example.com,2021-02-04,Munich,Germany,40.0,F,322.0,3,1431.44,477.15,1
260,Veronica Silva,carlsonjoseph@example.net,2019-07-22,Bangkok,Thailand,37.0,F,42.0,4,5338.67,1334.67,1
261,Paula Lane,silvageorge@example.net,2021-08-25,Mumbai,India,64.0,F,717.0,2,1893.0,946.5,1
262,Patricia James,anthonyvaughan@example.org,2019-02-08,Los Angeles,USA,29.0,M,2154.0,0,0.0,0.0,0
263,Jeremy Barnes,avaughn@example.net,2021-05-16,Munich,Germany,65.0,F,60.0,4,3901.32,975.33,1
264,Tami Salas,thorntonapril@example.net,2022-08-01,Manchester,UK,45.0,M,20.0,3,5413.54,1804.51,1
265,Matthew Fox,sue78@example.com,2019-02-03,Munich,Germany,48.0,F,19.0,3,3810.49,1270.16,1
266,Megan Dillon,chelsea33@example.com,2022-06-13,New York,USA,31.0,M,188.0,3,3279.54,1093.18,1
267,Courtney Dudley,kellie37@example.com,2024-06-19,Munich,Germany,20.0,M,185.0,2,1099.38,549.69,1
268,Justin Michael,keith98@example.com,2022-02-08,Munich,Germany,40.0,F,870.0,1,329.44,329.44,1
269,Jennifer Reed,kellyroberts@example.net,2020-06-03,London,UK,38.0,M,166.0,4,2875.61,718.9,1
270,Thomas Douglas,ilewis@example.com,2019-08-01,Sydney,Australia,63.0,F,1041.0,2,3663.56,1831.78,1
271,Melissa Taylor,johnsantiago@example.net,2023-07-25,London,UK,27.0,,440.0,1,737.87,737.87,1
272,David Garcia,jennifer12@example.org,2022-07-17,Berlin,Germany,67.0,Other,555.0,2,2826.14,1413.07,1
273,Vanessa Moore,mwoods@example.com,2020-08-23,New York,USA,18.0,F,354.0,2,1350.31,675.16,1
274,Matthew Velez,pearsonjesse@example.net,2021-11-21,Vancouver,Canada,68.0,M,181.0,3,2420.0,806.67,1
275,Taylor Gentry,robertmonroe@example.org,2020-08-08,Toronto,Canada,71.0,F,229.0,2,4577.29,2288.64,1
276,Jennifer Simpson DVM,nancy04@example.net,2023-06-26,Los Angeles,USA,43.0,M,14.0,4,11516.45,2879.11,1
277,Tanya Rogers,ihays@example.net,2020-11-25,Manchester,UK,47.0,M,208.0,4,7247.34,1811.84,1
278,Todd Rosales MD,lisarivera@example.net,2023-06-29,Vancouver,Canada,62.0,,335.0,3,2073.8,691.27,1
279,David Lopez,krystal93@example.org,2022-01-22,Chicago,USA,36.0,F,185.0,1,328.75,328.75,1
280,Margaret Sullivan,frobertson@example.com,2022-05-19,Berlin,Germany,26.0,F,958.0,0,0.0,0.0,0
281,Cathy Taylor,shari04@example.com,2024-02-10,Mumbai,India,55.0,,21.0,2,4900.44,2450.22,1
282,Paul Finley,brandi90@example.com,2019-06-03,New York,USA,41.0,M,137.0,3,7174.62,2391.54,1
283,Melissa Brown,marshallerik@example.net,2019-10-20,New York,USA,59.0,F,101.0,2,1026.33,513.16,1
284,Stephanie Padilla,hannah45@example.net,2022-08-14,Singapore,Singapore,39.0,M,4.0,4,6615.39,1653.85,1
285,Tyler Mendoza,madkins@example.com,2021-07-10,Sydney,Australia,39.0,F,295.0,4,5059.82,1264.96,1
286,Joshua Ruiz,kathleenbecker@example.net,2021-03-26,London,UK,57.0,F,846.0,2,3643.44,1821.72,1
287,Angela Griffin,christian91@example.org,2021-10-19,Chicago,USA,40.0,M,370.0,2,2732.35,1366.18,1
288,Stephanie Harris,franklinbond@example.com,2021-07-02,Melbourne,Australia,55.0,M,49.0,3,2843.44,947.81,1
289,Daniel Aguilar,nolansean@example.org,2019-10-05,Los Angeles,USA,44.0,,1915.0,0,0.0,0.0,0
290,Jose Bryant,hansenemily@example.com,2022-10-28,Singapore,Singapore,58.0,M,46.0,2,10354.63,5177.31,1
291,Jennifer Velasquez,bethwilliams@example.com,2020-09-06,Bangkok,Thailand,61.0,F,2.0,2,3327.13,1663.56,1
292,Kimberly Brown,andersenthomas@example.com,2021-11-07,London,UK,23.0,F,323.0,2,1494.65,747.32,1
293,Randy Cannon,ybrooks@example.com,2019-02-23,Berlin,Germany,51.0,,40.0,4,3034.66,758.66,1
294,Susan Bennett,desireebailey@example.org,2022-06-07,Chicago,USA,20.0,M,173.0,1,2957.38,2957.38,1
295,Jenna Anderson DVM,avilatiffany@example.com,2021-04-21,Munich,Germany,68.0,F,741.0,4,6601.0,1650.25,1
296,Kimberly Patel,johnreed@example.com,2021-07-10,Los Angeles,USA,59.0,M,825.0,3,5238.76,1746.25,1
297,Shaun Cannon,pachecorobert@example.org,2022-08-03,Munich,Germany,27.0,M,767.0,1,91.13,91.13,1
298,Austin Wheeler,tharper@example.org,2019-04-24,Mumbai,India,49.0,F,338.0,2,38003.02,19001.51,1
299,Andrew Gonzales,karenparsons@example.org,2020-04-06,Melbourne,Australia,49.0,F,194.0,1,2516.14,2516.14,1
300,Donna Cabrera,barbara53@example.com,2024-05-12,Sydney,Australia,33.0,M,42.0,3,1982.87,660.96,1
301,Victoria Boyd,dturner@example.net,2022-08-05,Munich,Germany,53.0,M,880.0,0,0.0,0.0,0
302,Sheryl Buck,dpeters@example.com,2024-01-22,Melbourne,Australia,37.0,M,223.0,3,1782.94,594.31,1
303,Megan Floyd,heather62@example.com,2019-06-16,New York,USA,57.0,F,974.0,1,346.78,346.78,1
304,Paul Wells,kevinzimmerman@example.com,2021-05-03,Paris,France,,M,162.0,2,1596.91,798.46,1
305,Kristina Faulkner,paulscott@example.com,2024-05-13,Sydney,Australia,46.0,F,145.0,2,1485.86,742.93,1
306,Tammy Boone,nicholsmaria@example.org,2019-05-30,Berlin,Germany,26.0,F,718.0,2,5128.02,2564.01,1
307,Michael Morrison,lopezkathleen@example.net,2019-10-22,Paris,France,71.0,M,183.0,5,2498.08,499.62,1
308,Claire Clark,kevin03@example.org,2019-09-25,Manchester,UK,48.0,M,1925.0,0,0.0,0.0,0
309,Autumn Key,srocha@example.net,2021-07-09,Vancouver,Canada,25.0,F,418.0,4,5569.43,1392.36,1
310,Jennifer Allen,kimberly67@example.net,2021-05-06,Paris,France,71.0,Other,35.0,3,2600.43,866.81,1
311,Elizabeth Ward,zowens@example.net,2020-10-02,Melbourne,Australia,64.0,M,163.0,2,3996.16,1998.08,1
312,Ryan Rocha,lawrence09@example.org,2020-09-23,Bangkok,Thailand,17.0,F,1561.0,0,0.0,0.0,0
313,Alexis Tran,mphillips@example.com,2020-03-16,Toronto,Canada,,M,57.0,2,1101.31,550.66,1
314,Kelly Sanchez,jonathan77@example.com,2022-09-01,Mumbai,India,34.0,F,217.0,2,2811.95,1405.98,1
315,Robert Jackson,iwhite@example.net,2020-06-25,Bangkok,Thailand,64.0,F,994.0,1,9349.49,9349.49,1
316,Kelly Combs,landryelizabeth@example.org,2020-02-03,Munich,Germany,51.0,F,45.0,3,4222.8,1407.6,1
317,Ryan Hall,albertwagner@example.com,2020-07-26,Munich,Germany,59.0,F,341.0,1,574.46,574.46,1
318,Mark Peck,bhopkins@example.org,2023-06-16,London,UK,51.0,F,565.0,0,0.0,0.0,0
319,Jennifer Smith,amanda40@example.net,2021-04-02,Munich,Germany,,F,327.0,2,3094.89,1547.44,1
320,Megan Drake,danieldavis@example.org,2021-11-29,Berlin,Germany,25.0,F,737.0,1,400.83,400.83,1
321,Manuel King,joseph61@example.com,2020-10-14,Paris,France,41.0,F,1540.0,0,0.0,0.0,0
322,Judy Sanchez,kevinclayton@example.org,2021-11-04,London,UK,50.0,M,1154.0,0,0.0,0.0,0
323,Shannon Malone,sullivannicholas@example.com,2021-01-24,New York,USA,59.0,F,1014.0,1,1317.79,1317.79,1
324,Adam Jackson,pbruce@example.com,2023-01-25,Bangkok,Thailand,17.0,M,120.0,3,1594.81,531.6,1
325,Shannon Davis,hallrachel@example.net,2022-03-30,Singapore,Singapore,30.0,F,4.0,6,5667.65,944.61,1
326,Karen Williams,cohenjuan@example.net,2023-01-16,Sydney,Australia,65.0,M,231.0,2,2328.94,1164.47,1
327,Amanda Mcfarland,alexis39@example.org,2022-03-18,New York,USA,,F,762.0,2,2097.31,1048.66,1
328,Michelle Sanders,evansanne@example.net,2020-02-22,Melbourne,Australia,48.0,M,129.0,3,4299.98,1433.33,1
329,Jasmine Mosley,patrick21@example.net,2023-01-29,Melbourne,Australia,61.0,F,464.0,3,4908.1,1636.03,1
330,Haley Davis,marypeterson@example.net,2021-09-06,Sydney,Australia,40.0,M,250.0,1,2602.95,2602.95,1
331,Jennifer Ayala,walterskristen@example.com,2022-01-23,London,UK,59.0,M,1074.0,0,0.0,0.0,0
332,Henry Pugh MD,nmiller@example.com,2020-06-25,Melbourne,Australia,46.0,M,274.0,2,1574.05,787.02,1
333,Michelle Miller,normanbowers@example.org,2024-04-12,Toronto,Canada,65.0,M,2.0,3,1710.61,570.2,1
334,Emily Rodriguez,hahnsean@example.com,2021-09-09,London,UK,51.0,F,33.0,3,2823.44,941.15,1
335,Brandon Jordan,fgarcia@example.com,2022-03-20,Los Angeles,USA,40.0,F,922.0,2,973.3,486.65,1
336,Linda Mueller,asmith@example.com,2023-07-06,Singapore,Singapore,,F,191.0,2,1243.67,621.84,1
337,Misty Hansen,ashleyjackson@example.com,2021-06-24,Bangkok,Thailand,32.0,M,30.0,1,1878.66,1878.66,1
338,Derrick Adams,bryanhamilton@example.com,2024-03-25,Vancouver,Canada,60.0,M,282.0,0,0.0,0.0,0
339,Richard Ward,jennifersimpson@example.net,2020-05-11,Toronto,Canada,58.0,F,259.0,2,1821.76,910.88,1
340,Brian Torres,ncook@example.com,2021-04-26,Los Angeles,USA,61.0,F,1346.0,0,0.0,0.0,0
341,Erin Cook,kevinmorrison@example.net,2024-06-25,Munich,Germany,42.0,M,12.0,4,5143.1,1285.78,1
342,Ernest Oconnell,kelly79@example.org,2020-02-13,Sydney,Australia,36.0,M,931.0,2,839.08,419.54,1
343,Douglas Hartman,daniel93@example.net,2022-03-21,Sydney,Australia,50.0,F,681.0,1,1719.5,1719.5,1
344,Catherine Saunders MD,nhahn@example.com,2019-12-25,Bangkok,Thailand,72.0,F,27.0,3,1661.47,553.82,1
345,Sandra Jones,ichambers@example.net,2021-03-24,Mumbai,India,27.0,Other,276.0,4,4397.98,1099.49,1
346,David Moore,emccormick@example.com,2019-03-18,Bangkok,Thailand,35.0,,375.0,2,1015.0,507.5,1
347,Karen Morales DDS,ystephens@example.com,2021-07-19,Vancouver,Canada,50.0,F,318.0,3,2889.66,963.22,1
348,Robin Wheeler,rodriguezjohn@example.net,2021-08-16,Munich,Germany,28.0,M,944.0,1,650.23,650.23,1
349,Matthew Williams,vrasmussen@example.com,2020-06-10,Sydney,Australia,16.0,M,249.0,2,3127.17,1563.58,1
350,Brett Walker,seanmyers@example.net,2020-01-31,Singapore,Singapore,55.0,M,239.0,3,13888.11,4629.37,1
351,Kathryn Cooper,webbkenneth@example.org,2020-11-02,Munich,Germany,41.0,F,389.0,1,546.74,546.74,1
352,Todd Thomas,matthew38@example.com,2024-03-31,London,UK,16.0,M,53.0,2,3112.12,1556.06,1
353,Brent Bowen,tflores@example.org,2020-09-10,London,UK,62.0,F,288.0,3,2800.96,933.65,1
354,Ashley Sweeney,byrdfrank@example.net,2019-05-08,Toronto,Canada,45.0,M,82.0,7,6387.66,912.52,1
355,Christopher Moore,omullen@example.com,2023-12-24,Bangkok,Thailand,60.0,F,239.0,2,5968.61,2984.3,1
356,Charlotte Sandoval,njohnson@example.org,2020-03-28,Paris,France,24.0,,334.0,2,1085.79,542.9,1
357,Jeffrey Smith,jamiegoodwin@example.org,2021-05-01,London,UK,74.0,M,171.0,2,2269.66,1134.83,1
358,Rebecca Herrera,mark71@example.com,2023-04-10,Toronto,Canada,59.0,F,63.0,2,2488.74,1244.37,1
359,Katherine Church,candice96@example.net,2021-12-17,Berlin,Germany,20.0,M,1111.0,0,0.0,0.0,0
360,Harold Ellis,lisamccarthy@example.com,2021-11-01,Bangkok,Thailand,52.0,M,106.0,4,5877.71,1469.43,1
361,Leslie Powers,david41@example.org,2019-08-27,Berlin,Germany,61.0,M,1954.0,0,0.0,0.0,0
362,Charles Price,baileyhenderson@example.com,2019-04-24,Singapore,Singapore,24.0,F,297.0,5,8100.02,1620.0,1
363,Melissa Brewer,angelaburns@example.org,2022-10-09,Berlin,Germany,,F,372.0,2,2948.72,1474.36,1
364,Ryan Harvey,stephanie72@example.org,2022-03-30,Toronto,Canada,18.0,M,638.0,1,222.76,222.76,1
365,Tracey Wagner,fortiz@example.com,2024-03-29,New York,USA,75.0,F,33.0,3,1473.22,491.07,1
366,Jill Jackson,flynnjeffrey@example.org,2023-04-18,Chicago,USA,62.0,,340.0,2,1858.19,929.1,1
367,Joshua Jackson,xcunningham@example.com,2021-07-07,Manchester,UK,40.0,M,1274.0,0,0.0,0.0,0
368,Ashley Wilson,amber07@example.net,2022-08-31,Chicago,USA,23.0,M,429.0,3,1907.34,635.78,1
369,Jeffery Fitzgerald,kennethkidd@example.com,2024-06-27,,Australia,,F,188.0,0,0.0,0.0,0
370,Scott Miller,rowejoel@example.net,2023-01-12,Sydney,Australia,43.0,F,197.0,3,2279.32,759.77,1
371,Heather Page,imartin@example.org,2019-11-14,London,UK,28.0,F,387.0,1,7041.4,7041.4,1
372,Renee Hudson,candice25@example.net,2022-09-14,Singapore,Singapore,55.0,F,840.0,0,0.0,0.0,0
373,Kenneth Farley,taylorkaren@example.com,2019-05-18,Toronto,Canada,,M,71.0,3,2693.44,897.81,1
374,Wendy Camacho,jacquelineanderson@example.org,2020-05-16,New York,USA,41.0,M,585.0,1,57.85,57.85,1
375,Sandra Juarez,kburns@example.net,2019-04-26,Singapore,Singapore,48.0,M,327.0,3,841.03,280.34,1
376,Jason Hayes,powellkara@example.net,2020-10-15,Paris,France,54.0,F,983.0,1,1512.03,1512.03,1
377,Jackie Clements,brandi17@example.net,2019-10-21,Bangkok,Thailand,30.0,M,1899.0,0,0.0,0.0,0
378,Heather Brown,brobinson@example.org,2023-12-07,Paris,France,56.0,F,391.0,0,0.0,0.0,0
379,Frank Campbell MD,ashleewashington@example.com,2024-04-12,London,UK,58.0,M,264.0,0,0.0,0.0,0
380,Pamela Williams,ksmith@example.com,2019-11-02,Manchester,UK,40.0,F,519.0,1,599.32,599.32,1
381,William Patterson,nicoleturner@example.com,2020-09-07,Toronto,Canada,67.0,F,712.0,2,2004.09,1002.04,1
382,Isaac Miller,brettgarrett@example.net,2022-02-15,Manchester,UK,24.0,F,672.0,2,1523.76,761.88,1
383,Cynthia Rios,smiththomas@example.org,2024-03-03,Los Angeles,USA,70.0,M,19.0,3,1460.94,486.98,1
384,Kelly Wallace,dominguezlisa@example.com,2020-07-03,New York,USA,59.0,F,23.0,2,1276.52,638.26,1
385,Karen Perez,crosscurtis@example.com,2023-04-09,Singapore,Singapore,62.0,F,76.0,2,1331.6,665.8,1
386,Edwin Reyes,darlenebyrd@example.org,2020-11-12,Bangkok,Thailand,,,947.0,1,510.7,510.7,1
387,Alejandra Santos,nbell@example.net,2023-03-10,Los Angeles,USA,74.0,F,58.0,4,3434.51,858.63,1
388,Tamara Jensen,fheath@example.org,2020-05-05,Bangkok,Thailand,36.0,M,844.0,2,896.41,448.2,1
389,Bryce Blair,sylvia52@example.org,2020-09-23,London,UK,39.0,F,69.0,2,1122.17,561.08,1
390,Bradley Tran,kimberly04@example.org,2021-08-19,Melbourne,Australia,74.0,F,476.0,2,1111.69,555.84,1
391,Katrina Adkins,debbie37@example.com,2020-03-29,Mumbai,India,17.0,M,55.0,3,2557.3,852.43,1
392,Jonathan Wheeler,hatfieldsarah@example.org,2020-08-27,Manchester,UK,28.0,M,790.0,2,4296.86,2148.43,1
393,Ryan Fisher,kathrynbest@example.org,2022-02-01,Berlin,Germany,59.0,M,483.0,3,1591.31,530.44,1
394,Austin Baker,livingstonstacy@example.com,2022-08-07,Melbourne,Australia,45.0,F,383.0,1,1948.78,1948.78,1
395,Lori Mason,zhenderson@example.org,2022-01-24,Melbourne,Australia,27.0,M,1073.0,0,0.0,0.0,0
396,Kimberly Hernandez,collinswilliam@example.org,2021-12-09,New York,USA,69.0,M,268.0,4,3024.99,756.25,1
397,Brittney Murphy,collinssamuel@example.org,2019-01-14,Singapore,Singapore,24.0,M,113.0,1,1598.19,1598.19,1
398,Brandon Hamilton,dsalazar@example.com,2020-03-23,New York,USA,45.0,M,131.0,2,1943.62,971.81,1
399,Mary Thompson,zimmermanjacqueline@example.org,2024-02-13,,France,58.0,M,323.0,0,0.0,0.0,0
400,Gregory Holmes PhD,gary24@example.net,2019-02-04,New York,USA,62.0,F,231.0,5,5474.88,1094.98,1
401,Patricia Johnson,enelson@example.com,2022-11-30,Mumbai,India,67.0,M,453.0,1,1277.44,1277.44,1
402,Laura Jones,ddixon@example.com,2019-11-01,Munich,Germany,28.0,F,162.0,1,108.7,108.7,1
403,Carol Moore,shannonemily@example.org,2021-03-23,Singapore,Singapore,39.0,F,546.0,1,695.39,695.39,1
404,Jordan Williams,sanchezthomas@example.com,2020-04-07,Melbourne,Australia,59.0,,115.0,1,613.83,613.83,1
405,Cassidy Horne,tranrobin@example.net,2023-04-05,Sydney,Australia,21.0,M,89.0,5,4798.86,959.77,1
406,Courtney Wright,joseph19@example.com,2019-01-20,Sydney,Australia,21.0,M,326.0,3,3079.69,1026.56,1
407,Michael Williams,lindajarvis@example.com,2024-06-24,Paris,France,73.0,F,82.0,3,2896.67,965.56,1
408,John Campbell,mark87@example.org,2022-11-18,Mumbai,India,46.0,M,241.0,2,2787.12,1393.56,1
409,Eddie Mueller,stevenvargas@example.com,2024-01-16,Vancouver,Canada,52.0,M,183.0,2,1578.52,789.26,1
410,Dr. Morgan Payne PhD,adamortiz@example.org,2024-05-23,New York,USA,53.0,M,1.0,2,37948.8,18974.4,1
411,Makayla Steele,tapiaaaron@example.net,2019-06-07,Bangkok,Thailand,26.0,M,279.0,1,1187.21,1187.21,1
412,Oscar Parker,alyssaallen@example.com,2024-01-11,Sydney,Australia,37.0,M,167.0,2,1306.95,653.48,1
413,Valerie Thomas,christopher38@example.com,2023-01-23,Melbourne,Australia,48.0,F,154.0,2,2417.4,1208.7,1
414,Jacqueline Villegas,carpenterwilliam@example.net,2023-09-14,Toronto,Canada,37.0,M,432.0,2,10051.39,5025.7,1
415,Angela Bradley,ibates@example.org,2020-10-30,Singapore,Singapore,56.0,M,1524.0,0,0.0,0.0,0
416,Samuel Howe,vhaynes@example.com,2022-02-06,London,UK,43.0,F,409.0,3,3308.7,1102.9,1
417,Dillon Jones,derekcarrillo@example.org,2022-06-20,Singapore,Singapore,67.0,F,75.0,3,3067.37,1022.46,1
418,Christopher Owens,wmartinez@example.org,2022-12-28,Manchester,UK,25.0,F,735.0,0,0.0,0.0,0
419,John Phelps,mooregina@example.net,2024-04-15,New York,USA,44.0,F,108.0,1,1426.61,1426.61,1
420,Amanda Huff,eddie35@example.com,2021-06-01,Chicago,USA,51.0,F,39.0,3,4106.95,1368.98,1
421,Megan Green,anthonysullivan@example.com,2022-02-09,London,UK,54.0,F,836.0,1,717.34,717.34,1
422,Krista Davis,laradonald@example.org,2021-04-27,Vancouver,Canada,65.0,M,366.0,2,1667.24,833.62,1
423,Richard Walker,madisonwatson@example.net,2022-03-17,Toronto,Canada,26.0,F,785.0,1,9599.57,9599.57,1
424,Angela Willis,johnsoncaleb@example.net,2021-10-06,Vancouver,Canada,20.0,F,745.0,1,464.1,464.1,1
425,Carl Stein,david70@example.org,2019-06-07,Singapore,Singapore,32.0,M,265.0,2,2409.05,1204.53,1
426,Jessica Ramsey,rjohnson@example.com,2020-02-05,,France,22.0,F,74.0,4,5731.74,1432.94,1
427,Daniel Lopez,sean20@example.net,2022-06-24,Mumbai,India,67.0,F,922.0,0,0.0,0.0,0
428,Danielle Phillips,eandrade@example.org,2023-10-27,Mumbai,India,54.0,Other,432.0,0,0.0,0.0,0
429,James Barnes,crystalpham@example.org,2021-09-08,Toronto,Canada,27.0,F,461.0,2,2547.54,1273.77,1
430,Rachael Howard DDS,kcooper@example.net,2022-07-20,Melbourne,Australia,52.0,F,292.0,3,3721.01,1240.34,1
431,Devin Johnson,anthonycochran@example.com,2021-03-15,Singapore,Singapore,23.0,,233.0,1,2056.27,2056.27,1
432,William Moreno,terrigarcia@example.net,2022-10-28,Chicago,USA,17.0,M,22.0,7,4879.64,697.09,1
433,Joseph Moody,gallagherstacie@example.net,2023-06-22,Berlin,Germany,69.0,M,559.0,0,0.0,0.0,0
434,Rebecca Kelly,gregorywatkins@example.net,2022-10-10,Manchester,UK,24.0,M,154.0,1,919.51,919.51,1
435,Suzanne Johnson,stacey92@example.net,2021-05-16,Melbourne,Australia,20.0,M,1326.0,0,0.0,0.0,0
436,Sara Cochran,lweaver@example.com,2021-11-03,Munich,Germany,,M,181.0,2,4645.97,2322.98,1
437,Anthony Guzman,foxaaron@example.net,2022-01-04,Singapore,Singapore,56.0,F,156.0,3,3348.27,1116.09,1
438,Carlos Love,brian29@example.net,2020-12-28,Sydney,Australia,57.0,M,84.0,2,691.45,345.72,1
439,Patricia Mathis,susan56@example.net,2021-03-29,,Australia,66.0,F,395.0,2,4575.65,2287.82,1
440,Eric Taylor,jessicakim@example.net,2023-03-10,Munich,Germany,51.0,F,533.0,1,2407.81,2407.81,1
441,Marie Thompson,jeffrey92@example.com,2021-08-06,Manchester,UK,60.0,F,441.0,4,2896.37,724.09,1
442,Michael Anderson,rushstacy@example.com,2020-08-28,Los Angeles,USA,74.0,Other,409.0,2,2035.76,1017.88,1
443,Patricia Bradley,carriemccall@example.net,2020-12-14,Chicago,USA,37.0,M,160.0,1,1787.49,1787.49,1
444,Keith Zuniga,markmiller@example.com,2019-07-19,Berlin,Germany,62.0,F,43.0,2,771.61,385.8,1
445,Mrs. Stacey Davis,sean43@example.org,2022-12-26,Singapore,Singapore,17.0,M,737.0,0,0.0,0.0,0
446,Hayley Buchanan,williamssamuel@example.com,2024-03-19,Chicago,USA,49.0,M,235.0,1,550.88,550.88,1
447,Stacey Snyder,ybell@example.org,2020-04-19,Berlin,Germany,56.0,F,703.0,1,846.4,846.4,1
448,Rachel Lane,franciscojones@example.org,2023-02-19,New York,USA,72.0,F,97.0,5,6907.68,1381.54,1
449,Fernando Lynn,petersonpamela@example.org,2020-03-15,Melbourne,Australia,33.0,F,85.0,4,5304.58,1326.14,1
450,Kimberly Villanueva,morgantricia@example.com,2023-06-26,Los Angeles,USA,27.0,F,104.0,1,2462.92,2462.92,1
451,Jessica Valdez,gmoore@example.com,2023-11-02,Sydney,Australia,49.0,F,314.0,1,2052.25,2052.25,1
452,Colton Terry,donna43@example.org,2022-04-17,Manchester,UK,38.0,F,815.0,2,1369.18,684.59,1
453,Kenneth Larsen,briansmith@example.org,2022-12-16,Sydney,Australia,74.0,F,296.0,2,3068.42,1534.21,1
454,Matthew Greene,collinclark@example.net,2020-05-03,Los Angeles,USA,23.0,M,152.0,2,1079.78,539.89,1
455,Bradley Anthony,kristen77@example.net,2022-05-06,Manchester,UK,52.0,M,971.0,0,0.0,0.0,0
456,Martin Hughes,nicole52@example.com,2024-02-26,Melbourne,Australia,75.0,M,187.0,1,148.68,148.68,1
457,Jeremiah Baker,anne21@example.org,2020-01-19,Chicago,USA,69.0,F,271.0,1,669.18,669.18,1
458,Rhonda Gutierrez,angelarandall@example.net,2021-09-19,New York,USA,28.0,M,790.0,1,22.6,22.6,1
459,Joseph Camacho,parmstrong@example.com,2021-04-17,Berlin,Germany,42.0,F,246.0,2,2320.64,1160.32,1
460,James Nash,shawrachel@example.net,2019-03-05,Paris,France,,F,926.0,1,2872.96,2872.96,1
461,Lisa Martinez,kthompson@example.org,2021-07-25,Singapore,Singapore,63.0,M,251.0,3,4199.03,1399.68,1
462,Beth Henderson,oharris@example.org,2019-08-22,Paris,France,65.0,M,1075.0,1,2137.19,2137.19,1
463,Deanna Bartlett,millerangela@example.net,2019-03-27,Singapore,Singapore,50.0,M,208.0,3,1468.37,489.46,1
464,Donald Ellis,buchanancindy@example.net,2023-03-19,Sydney,Australia,35.0,F,288.0,1,723.46,723.46,1
465,Ashley Hernandez,buckleyanna@example.org,2023-07-31,Mumbai,India,44.0,M,93.0,2,1993.1,996.55,1
466,Sharon Beard,pbaker@example.com,2023-07-19,Toronto,Canada,60.0,M,51.0,4,2127.51,531.88,1
467,Kara Jackson,mthomas@example.net,2022-06-15,Chicago,USA,66.0,F,931.0,0,0.0,0.0,0
468,Amanda Preston,hannah07@example.com,2021-12-26,London,UK,54.0,M,57.0,2,2083.37,1041.68,1
469,Alicia Roth,larry71@example.org,2022-03-18,Vancouver,Canada,70.0,M,18.0,5,37892.18,7578.44,1
470,William Ramos,joseph69@example.net,2024-05-25,Chicago,USA,,M,18.0,1,62.7,62.7,1
471,Jeremy Mcintyre,wfigueroa@example.net,2023-11-09,Melbourne,Australia,31.0,F,65.0,4,3657.34,914.34,1
472,Samantha Robertson,cameronmckinney@example.com,2022-10-16,Mumbai,India,47.0,M,106.0,3,1275.17,425.06,1
473,Samuel Suarez,thompsonnancy@example.org,2021-07-14,Manchester,UK,56.0,F,118.0,3,3016.77,1005.59,1
474,Danielle Bryant,janet45@example.com,2020-07-23,Melbourne,Australia,45.0,F,865.0,1,10062.55,10062.55,1
475,Madison Martinez,allentracy@example.com,2023-10-01,Singapore,Singapore,62.0,M,45.0,3,2031.65,677.22,1
476,Seth Matthews,max41@example.com,2019-05-10,Mumbai,India,41.0,F,2063.0,0,0.0,0.0,0
477,Anthony Nash,mercedesholland@example.net,2020-10-23,Vancouver,Canada,37.0,M,31.0,4,2005.69,501.42,1
478,Matthew Palmer,wellsdavid@example.org,2020-12-04,Singapore,Singapore,18.0,F,915.0,2,1593.12,796.56,1
479,Alejandra King,jennifer46@example.com,2024-03-18,Los Angeles,USA,44.0,F,101.0,1,992.33,992.33,1
480,Judy Robinson,erica96@example.net,2024-02-06,Melbourne,Australia,72.0,Other,58.0,2,1744.4,872.2,1
481,Jorge Bates,anna99@example.com,2019-07-11,Vancouver,Canada,39.0,M,882.0,1,475.44,475.44,1
482,Brian Brown,danielle44@example.net,2019-04-17,Chicago,USA,56.0,F,71.0,6,8443.47,1407.24,1
483,Stephanie Evans,zacharyallen@example.org,2019-07-06,Sydney,Australia,16.0,M,72.0,3,2820.97,940.32,1
484,Rebekah Greene,erin07@example.com,2022-10-24,Munich,Germany,,F,294.0,2,4230.16,2115.08,1
485,Jason Price,aguilarwanda@example.org,2021-05-14,Mumbai,India,46.0,M,852.0,1,1158.65,1158.65,1
486,Micheal Parks,qknox@example.com,2019-07-31,Los Angeles,USA,39.0,M,558.0,4,1971.53,492.88,1
487,Sarah Pittman,kellyruiz@example.net,2023-11-26,Singapore,Singapore,57.0,M,4.0,3,2870.57,956.86,1
488,Robert Hines,staceylam@example.net,2022-06-03,New York,USA,26.0,M,287.0,3,1581.21,527.07,1
489,Henry Garner,robert55@example.com,2024-02-27,Chicago,USA,55.0,F,78.0,2,1914.02,957.01,1
490,Julie Wilson,delacruzbrandy@example.net,2019-10-14,Los Angeles,USA,53.0,F,293.0,2,864.99,432.5,1
491,Steve Mason,amoreno@example.org,2019-10-14,Singapore,Singapore,33.0,M,28.0,2,1241.55,620.78,1
492,Brittany Gay,robert97@example.org,2022-05-29,,Australia,65.0,M,373.0,1,1316.68,1316.68,1
493,Mike Maxwell,lcook@example.com,2020-09-09,Bangkok,Thailand,49.0,F,142.0,2,496.3,248.15,1
494,Abigail Hill,barbaramoore@example.org,2019-04-22,Sydney,Australia,47.0,M,10.0,4,3272.07,818.02,1
495,Jeffrey Jordan,ysanford@example.org,2021-12-17,Los Angeles,USA,39.0,M,617.0,3,3625.92,1208.64,1
496,Curtis Watson,mcclainkatherine@example.net,2021-05-11,Paris,France,50.0,,322.0,1,467.82,467.82,1
497,Michael Sims,jeremywiley@example.com,2019-05-30,Singapore,Singapore,53.0,F,702.0,2,700.06,350.03,1
498,James Chapman,cameronwilliams@example.com,2024-04-26,New York,USA,48.0,M,46.0,3,13064.44,4354.81,1
499,Joseph Warren,ibarron@example.com,2022-12-08,Manchester,UK,21.0,F,755.0,0,0.0,0.0,0
500,Katherine Christensen MD,osmith@example.net,2020-09-26,Los Angeles,USA,48.0,F,24.0,3,3423.1,1141.03,1
501,Mrs. Alison Wagner,richardsondebra@example.org,2021-03-11,London,UK,56.0,M,517.0,2,2647.87,1323.94,1
502,Martin Wise,wheelerbrandon@example.org,2022-12-01,Vancouver,Canada,62.0,F,700.0,1,82.62,82.62,1
503,Alicia Norris,hwallace@example.net,2021-06-08,Bangkok,Thailand,45.0,M,1303.0,0,0.0,0.0,0
504,Michael Harris,turnerdorothy@example.net,2023-02-25,Sydney,Australia,,F,367.0,4,5179.32,1294.83,1
505,Lisa Haynes,grivas@example.net,2024-05-05,Berlin,Germany,49.0,F,112.0,2,1215.88,607.94,1
506,Autumn Wilson,jimenezchelsea@example.com,2019-09-17,London,UK,62.0,F,191.0,2,866.46,433.23,1
507,Valerie Howard,cphillips@example.net,2021-05-29,Singapore,Singapore,49.0,M,391.0,1,286.08,286.08,1
508,Daniel Fitzpatrick MD,smithchristopher@example.org,2021-10-13,Los Angeles,USA,48.0,M,54.0,1,226.69,226.69,1
509,Maureen Hernandez,chancharles@example.net,2019-11-19,London,UK,65.0,M,1004.0,1,216.15,216.15,1
510,David Hall,joseph01@example.org,2023-02-26,Toronto,Canada,,F,293.0,2,1369.31,684.66,1
511,Sarah Ward,ronald11@example.org,2021-01-15,Berlin,Germany,74.0,M,1447.0,0,0.0,0.0,0
512,Charles Holland,michael79@example.com,2023-07-03,Munich,Germany,42.0,M,218.0,2,2948.53,1474.26,1
513,Anna Briggs,danielross@example.com,2020-07-09,London,UK,52.0,M,378.0,2,2878.0,1439.0,1
514,James Jefferson,zbanks@example.org,2020-04-02,Chicago,USA,18.0,M,531.0,3,935.14,311.71,1
515,Michael Brown,dalepruitt@example.com,2023-05-04,Vancouver,Canada,36.0,F,82.0,1,137.71,137.71,1
516,Meghan White,nmaxwell@example.org,2022-02-28,Vancouver,Canada,63.0,M,281.0,3,1467.28,489.09,1
517,Sheryl Acosta,timothyfreeman@example.com,2023-05-02,Berlin,Germany,62.0,F,604.0,1,1155.34,1155.34,1
518,Arthur Pena,busherica@example.net,2024-03-24,New York,USA,17.0,M,55.0,2,3450.62,1725.31,1
519,Krystal Levine,april91@example.com,2019-01-20,Bangkok,Thailand,16.0,M,550.0,3,27341.95,9113.98,1
520,Danielle Reed,jhernandez@example.net,2019-08-01,Vancouver,Canada,49.0,,110.0,2,862.77,431.38,1
521,Mason Moore,kchristian@example.org,2022-12-28,Chicago,USA,,M,182.0,2,2250.03,1125.02,1
522,Erica Rivera,brent38@example.net,2022-12-06,Manchester,UK,45.0,F,591.0,2,11111.94,5555.97,1
523,Robert Miller,csolis@example.org,2022-07-29,Chicago,USA,20.0,M,391.0,3,2095.17,698.39,1
524,Jillian Wilson,bmcgee@example.org,2020-04-29,Chicago,USA,32.0,F,417.0,2,1369.89,684.94,1
525,Andrew Dunn,connersylvia@example.net,2023-02-15,Mumbai,India,36.0,Other,200.0,1,71.83,71.83,1
526,Jordan Clark,xclements@example.org,2023-05-17,Chicago,USA,22.0,M,350.0,2,2342.25,1171.12,1
527,Sarah Rivera,xmoran@example.net,2019-09-05,Manchester,UK,38.0,F,502.0,3,1451.36,483.79,1
528,Brent Hopkins,petersonmaria@example.com,2023-10-12,Vancouver,Canada,21.0,M,41.0,6,72858.59,12143.1,1
529,Jacqueline Rodriguez,travisunderwood@example.net,2022-05-20,Melbourne,Australia,29.0,F,664.0,1,892.18,892.18,1
530,Ashley Carr,davidphelps@example.org,2024-06-06,Toronto,Canada,41.0,F,26.0,2,1901.39,950.7,1
531,Richard Love,shermanbrandon@example.net,2019-03-05,Chicago,USA,70.0,F,710.0,2,3387.02,1693.51,1
532,Leah Barton,lellis@example.net,2019-07-28,Berlin,Germany,,,31.0,8,7156.93,894.62,1
533,Jonathan Moreno,tranryan@example.net,2020-02-10,Chicago,USA,39.0,F,475.0,1,372.8,372.8,1
534,Mr. Thomas Thompson,jessicaanderson@example.com,2020-06-14,Paris,France,17.0,M,686.0,2,1498.31,749.16,1
535,Lisa Morris,mbarnes@example.net,2019-09-21,Singapore,Singapore,73.0,F,176.0,2,484.47,242.24,1
536,Denise Stuart,shawn22@example.com,2019-04-14,Berlin,Germany,75.0,F,2089.0,0,0.0,0.0,0
537,Stacey Hunt,jennifer83@example.org,2021-02-22,New York,USA,27.0,F,332.0,1,1065.24,1065.24,1
538,Miguel Parks,tinasantos@example.org,2023-12-15,Berlin,Germany,18.0,M,129.0,2,1756.39,878.2,1
539,Melissa Morris,hodgesanna@example.net,2021-04-23,Berlin,Germany,46.0,F,649.0,1,1244.24,1244.24,1
540,Mary Butler,natalie60@example.net,2022-08-09,Toronto,Canada,31.0,M,545.0,3,3366.09,1122.03,1
541,James Brown,gonzalezkaren@example.org,2023-05-21,Manchester,UK,46.0,M,35.0,3,3390.24,1130.08,1
542,Miss Brianna Brown,james80@example.com,2020-10-20,Munich,Germany,33.0,F,951.0,1,1161.42,1161.42,1
543,Ashley Parrish,juliahoffman@example.org,2023-07-19,Bangkok,Thailand,19.0,F,64.0,2,1409.83,704.92,1
544,Rebecca Horton,housepaul@example.net,2020-04-21,Paris,France,22.0,M,248.0,2,1264.62,632.31,1
545,Juan Smith,james73@example.net,2024-02-22,Singapore,Singapore,64.0,M,66.0,2,2225.11,1112.56,1
546,Maria Fischer,kimberlybrandt@example.com,2021-03-06,Singapore,Singapore,75.0,F,1075.0,1,595.66,595.66,1
547,William Jones,jillwilson@example.org,2020-10-13,Paris,France,74.0,F,1541.0,0,0.0,0.0,0
548,Justin Anderson,adam72@example.org,2022-02-28,Paris,France,52.0,M,59.0,3,2924.85,974.95,1
549,Frank Williams,tracy98@example.com,2022-01-15,Berlin,Germany,27.0,F,1026.0,1,1961.3,1961.3,1
550,Michael Fox,abigailhartman@example.org,2019-02-10,Toronto,Canada,,F,44.0,2,1735.56,867.78,1
551,Joshua Davis,nicolealvarado@example.com,2020-11-28,Chicago,USA,74.0,F,298.0,3,3337.14,1112.38,1
552,Daniel Goodwin,wbarajas@example.net,2022-04-16,Chicago,USA,65.0,F,768.0,3,2151.48,717.16,1
553,Michael Griffin,susanfleming@example.com,2021-02-04,Los Angeles,USA,53.0,F,217.0,2,3146.4,1573.2,1
554,Robert Wilson,amber40@example.net,2023-02-08,Chicago,USA,66.0,F,693.0,0,0.0,0.0,0
555,Jaime Lang,stucker@example.net,2024-06-06,Melbourne,Australia,60.0,F,84.0,2,3248.67,1624.34,1
556,Jose Vaughan,teresaayala@example.net,2022-04-21,Sydney,Australia,40.0,F,268.0,4,7703.61,1925.9,1
557,Austin Santiago,michellecoleman@example.org,2019-01-04,Melbourne,Australia,41.0,M,144.0,3,1690.13,563.38,1
558,Ronald Johns,elucas@example.net,2022-05-18,Chicago,USA,74.0,M,263.0,2,6016.51,3008.26,1
559,Allison Love,millerbrian@example.com,2024-04-02,Los Angeles,USA,25.0,F,192.0,1,355.97,355.97,1
560,Laura Perez,rickey76@example.com,2019-12-10,London,UK,72.0,M,283.0,2,119.24,59.62,1
561,James Wilson,maychristine@example.net,2023-12-21,Melbourne,Australia,,M,92.0,2,11278.15,5639.08,1
562,Mercedes Jones,robertsgina@example.net,2020-06-09,London,UK,,M,153.0,2,1976.76,988.38,1
563,Preston Kim,bshort@example.com,2023-12-17,Chicago,USA,47.0,F,279.0,1,289.26,289.26,1
564,Daniel Francis,susan24@example.net,2021-09-08,Mumbai,India,57.0,F,475.0,3,1813.01,604.34,1
565,Traci Camacho,susan08@example.net,2023-09-29,Singapore,Singapore,,F,275.0,1,3158.2,3158.2,1
566,Andrew Armstrong,fmedina@example.com,2019-12-15,London,UK,26.0,M,754.0,1,1910.32,1910.32,1
567,Patrick Swanson,robertbrewer@example.net,2020-11-23,Los Angeles,USA,55.0,F,615.0,2,1108.56,554.28,1
568,Clinton Jensen,james29@example.org,2019-12-04,Sydney,Australia,72.0,F,118.0,2,323.66,161.83,1
569,Tara Gamble,enewman@example.com,2021-04-18,Toronto,Canada,62.0,M,161.0,2,1970.83,985.42,1
570,Danielle Gonzalez,wlynn@example.org,2020-05-01,Vancouver,Canada,19.0,M,528.0,2,5857.25,2928.62,1
571,Cynthia Mitchell,mcculloughlouis@example.com,2021-01-08,New York,USA,43.0,M,262.0,3,4077.67,1359.22,1
572,Matthew Steele,arianadiaz@example.com,2020-02-13,Berlin,Germany,17.0,,243.0,4,5403.31,1350.83,1
573,Caroline Edwards,jenniferdavidson@example.com,2023-09-25,Berlin,Germany,35.0,M,50.0,3,6215.95,2071.98,1
574,Brandy Quinn,wford@example.com,2019-07-06,Vancouver,Canada,50.0,F,600.0,5,8430.05,1686.01,1
575,Mr. Matthew Miller,michele28@example.org,2021-07-01,Chicago,USA,32.0,M,214.0,3,3065.28,1021.76,1
576,Stephen Jones,mcclainmelissa@example.net,2019-05-07,Paris,France,64.0,M,10.0,2,7134.62,3567.31,1
577,Kevin Sullivan,rebeccaarnold@example.net,2022-01-13,Singapore,Singapore,64.0,M,134.0,6,7275.18,1212.53,1
578,Kimberly Valdez,michaelwalker@example.net,2021-12-06,Mumbai,India,50.0,M,37.0,2,3481.11,1740.56,1
579,Donna Marshall,sanderswayne@example.net,2021-09-02,Toronto,Canada,21.0,F,71.0,3,4510.5,1503.5,1
580,Victor Holden,katherinetaylor@example.org,2024-01-19,Paris,France,67.0,F,78.0,3,4181.46,1393.82,1
581,Travis Hopkins,jillwebb@example.com,2021-07-08,Singapore,Singapore,26.0,F,231.0,4,4684.55,1171.14,1
582,Philip Hall,mike03@example.net,2019-06-10,Manchester,UK,28.0,M,532.0,2,903.47,451.74,1
583,Heather Harrison,ckeith@example.net,2020-10-16,Vancouver,Canada,21.0,F,145.0,4,2707.93,676.98,1
584,Michael Boyd,mary49@example.net,2021-11-30,Vancouver,Canada,74.0,M,389.0,2,2622.74,1311.37,1
585,Jamie Gray,blacknicholas@example.org,2023-05-20,Munich,Germany,23.0,M,523.0,1,89.43,89.43,1
586,Heather Parrish,msparks@example.org,2024-05-29,Singapore,Singapore,75.0,M,1.0,2,1962.09,981.04,1
587,Brenda Martin,robertsonjuan@example.org,2022-01-01,Mumbai,India,72.0,M,1082.0,2,669.55,334.78,1
588,Jack Love,guerrerorobert@example.com,2021-08-26,Paris,France,27.0,M,505.0,2,2885.86,1442.93,1
589,Karen Mendoza,brittanyholland@example.com,2021-04-02,Melbourne,Australia,41.0,F,169.0,2,2019.16,1009.58,1
590,Andrew Berry,dennishunt@example.net,2021-08-31,Melbourne,Australia,73.0,M,707.0,1,146.96,146.96,1
591,Christopher Nielsen,kgreene@example.net,2020-07-28,Vancouver,Canada,70.0,M,241.0,2,1873.38,936.69,1
592,Nathan Stanley,stacey37@example.net,2020-09-07,Chicago,USA,65.0,F,1577.0,0,0.0,0.0,0
593,Sharon Jackson DVM,laurahoover@example.org,2019-07-02,Sydney,Australia,44.0,M,635.0,1,171.2,171.2,1
594,Kayla Jackson,sandra99@example.org,2021-11-23,Singapore,Singapore,,F,609.0,1,5.45,5.45,1
595,James Rodriguez,alexandrablankenship@example.net,2021-11-03,Melbourne,Australia,24.0,M,523.0,1,966.72,966.72,1
596,Chase Davis,mvalenzuela@example.org,2020-01-30,Chicago,USA,,F,1798.0,0,0.0,0.0,0
597,Kim Goodwin,olsondavid@example.net,2022-12-14,London,UK,33.0,F,234.0,4,3916.64,979.16,1
598,April Pace,xboyd@example.org,2019-09-11,Bangkok,Thailand,31.0,F,702.0,1,2579.9,2579.9,1
599,Jessica Mays,yclarke@example.com,2021-08-29,Mumbai,India,51.0,M,1029.0,1,110.42,110.42,1
600,Natalie Juarez,colemanjonathan@example.org,2023-08-29,Melbourne,Australia,,M,491.0,0,0.0,0.0,0
601,Angela George,ascott@example.net,2024-05-30,Singapore,Singapore,70.0,F,39.0,2,14662.41,7331.2,1
602,Adrienne Mills,brooksjamie@example.com,2021-04-18,Sydney,Australia,17.0,M,420.0,2,1404.88,702.44,1
603,Brian Simmons,jose86@example.net,2024-02-10,Berlin,Germany,57.0,F,109.0,2,1359.76,679.88,1
604,Donald Becker,robertbowers@example.com,2023-07-07,Paris,France,61.0,F,68.0,3,4133.37,1377.79,1
605,Justin Webb,becky62@example.net,2023-10-11,Manchester,UK,45.0,M,76.0,3,3717.38,1239.13,1
606,David Logan,craigromero@example.com,2022-07-01,Mumbai,India,53.0,M,66.0,2,1982.03,991.02,1
607,Lisa Cohen,martintamara@example.org,2023-09-16,Mumbai,India,51.0,F,37.0,2,1769.69,884.84,1
608,Samantha Ruiz,qdavis@example.org,2021-09-13,Los Angeles,USA,37.0,M,160.0,2,3190.67,1595.34,1
609,Lee Ramsey,hmendez@example.com,2022-09-05,Vancouver,Canada,35.0,F,849.0,0,0.0,0.0,0
610,Linda Bautista,daniellegonzales@example.org,2023-07-08,New York,USA,41.0,M,144.0,1,1507.84,1507.84,1
611,Tara Holmes,arthurgreene@example.net,2021-10-15,Sydney,Australia,32.0,M,6.0,3,145169.06,48389.69,1
612,Lisa Craig,john02@example.org,2022-12-21,Paris,France,68.0,F,170.0,2,2889.32,1444.66,1
613,Penny Gomez MD,aprilmclaughlin@example.org,2022-07-31,Munich,Germany,74.0,F,129.0,2,24310.64,12155.32,1
614,Krista Barber,michael43@example.net,2023-09-18,Chicago,USA,72.0,M,79.0,1,2172.88,2172.88,1
615,Jordan Powell,greenrichard@example.org,2020-06-13,Melbourne,Australia,64.0,M,736.0,1,3432.8,3432.8,1
616,Kathy Morgan,prattsue@example.net,2019-07-02,Sydney,Australia,38.0,F,2010.0,0,0.0,0.0,0
617,Laura Benson,xhart@example.org,2020-11-09,Bangkok,Thailand,32.0,F,259.0,3,2433.81,811.27,1
618,Tonya Ellis,bmosley@example.com,2023-11-10,New York,USA,53.0,M,28.0,1,1085.38,1085.38,1
619,Austin Schultz,ericahall@example.com,2021-10-21,Toronto,Canada,71.0,F,407.0,3,6444.03,2148.01,1
620,Harry Nichols,john16@example.net,2023-10-16,Mumbai,India,24.0,,202.0,1,977.69,977.69,1
621,Gloria Spencer,thomasgomez@example.net,2024-01-31,Bangkok,Thailand,25.0,M,42.0,2,1429.45,714.72,1
622,Travis Vega,victorgonzalez@example.net,2020-11-12,Berlin,Germany,27.0,F,940.0,1,996.67,996.67,1
623,Derek Perez,marykelly@example.org,2023-04-08,Toronto,Canada,52.0,M,634.0,0,0.0,0.0,0
624,Blake Sosa,waustin@example.net,2019-09-23,Los Angeles,USA,43.0,,68.0,6,4194.07,699.01,1
625,Sarah Watson,travis94@example.com,2019-01-10,Manchester,UK,50.0,F,197.0,2,1597.65,798.82,1
626,Phillip Dixon,kwalker@example.org,2023-03-31,,UK,,M,78.0,3,2521.32,840.44,1
627,Robert Mendoza,shawphillip@example.net,2022-11-21,Toronto,Canada,35.0,M,439.0,1,146.98,146.98,1
628,Joyce Martinez,astewart@example.org,2019-05-14,Chicago,USA,35.0,M,722.0,3,1876.03,625.34,1
629,Jamie Garcia,chloe42@example.net,2020-11-22,Munich,Germany,72.0,,155.0,3,2369.29,789.76,1
630,Derrick Mullen,michael76@example.org,2021-01-05,Berlin,Germany,26.0,F,93.0,1,470.98,470.98,1
631,Paul Diaz,lramirez@example.net,2020-04-04,Toronto,Canada,29.0,F,16.0,1,704.26,704.26,1
632,Kenneth Perez,lelinda@example.net,2022-12-27,London,UK,,F,6.0,4,3806.13,951.53,1
633,James Thomas,thomassmith@example.com,2022-06-30,Munich,Germany,54.0,M,432.0,1,3126.17,3126.17,1
634,Dr. Samuel Holmes DDS,jevans@example.net,2019-04-09,New York,USA,42.0,F,128.0,5,41778.18,8355.64,1
635,Brett Martin,lisawoods@example.net,2019-11-10,,Australia,60.0,F,440.0,4,1812.97,453.24,1
636,Patrick Green,ann45@example.org,2022-09-18,Los Angeles,USA,33.0,F,533.0,1,396.98,396.98,1
637,Gregory Frazier,barbarasantos@example.net,2019-08-03,Bangkok,Thailand,62.0,M,239.0,1,652.51,652.51,1
638,Richard Kelly,champton@example.org,2020-02-11,Berlin,Germany,28.0,,1786.0,0,0.0,0.0,0
639,Dustin Welch,mirandadavidson@example.com,2022-12-11,London,UK,34.0,M,752.0,0,0.0,0.0,0
640,Logan Sullivan,millermatthew@example.com,2024-03-26,,Australia,37.0,F,268.0,1,712.74,712.74,1
641,Eddie Adams,cnelson@example.com,2023-09-07,Los Angeles,USA,58.0,M,94.0,4,3929.3,982.32,1
642,Kelly Cole,ivanjohnson@example.net,2023-01-21,Los Angeles,USA,73.0,,711.0,0,0.0,0.0,0
643,David Manning,clarkrandy@example.org,2020-06-24,Vancouver,Canada,19.0,F,318.0,1,675.61,675.61,1
644,Shawn Kelley,wisealexandria@example.org,2021-01-07,Vancouver,Canada,43.0,M,290.0,3,2125.18,708.39,1
645,Luke Miller,pparker@example.net,2019-01-20,New York,USA,58.0,M,221.0,5,3429.98,686.0,1
646,Mark Anderson,anthonyalvarado@example.com,2020-07-03,Paris,France,39.0,F,229.0,3,1887.52,629.17,1
647,Julie Pitts,amy28@example.org,2020-07-10,Berlin,Germany,60.0,M,942.0,1,514.12,514.12,1
648,Joyce Curry,omills@example.net,2019-12-08,Singapore,Singapore,24.0,Other,184.0,4,1446.69,361.67,1
649,Gregory Fernandez,ramosmichael@example.com,2019-08-01,Chicago,USA,74.0,M,627.0,4,3346.86,836.72,1
650,Adam Mills,mauriceharrison@example.org,2022-06-05,,USA,65.0,M,78.0,3,3961.02,1320.34,1
651,Katherine Campos,albert64@example.net,2023-01-29,Mumbai,India,46.0,F,703.0,0,0.0,0.0,0
652,Adam Brooks,bkhan@example.com,2019-05-10,New York,USA,57.0,M,842.0,1,514.73,514.73,1
653,Miguel Brewer,fwalker@example.com,2023-03-03,Singapore,Singapore,62.0,M,178.0,2,1922.27,961.14,1
654,Kellie Marsh,justin84@example.com,2021-11-29,London,UK,60.0,M,8.0,2,3119.03,1559.52,1
655,Barry Taylor,walshchristine@example.com,2021-09-13,Toronto,Canada,58.0,M,665.0,2,1376.19,688.1,1
656,Katherine Flores,brandonnichols@example.org,2024-01-01,Munich,Germany,,M,53.0,4,4041.39,1010.35,1
657,Diane Martinez,oacosta@example.org,2023-10-11,Berlin,Germany,71.0,F,162.0,3,5389.3,1796.43,1
658,Johnny Peterson,kristi75@example.com,2024-06-09,London,UK,19.0,F,103.0,3,2964.63,988.21,1
659,Amanda Miller,brianrowe@example.org,2020-04-26,Mumbai,India,45.0,F,1711.0,0,0.0,0.0,0
660,Catherine Huang,lisa01@example.net,2021-07-04,Berlin,Germany,23.0,F,337.0,2,2607.77,1303.88,1
661,Ray Ramos,gonzalezjill@example.org,2021-04-24,Manchester,UK,51.0,M,309.0,2,5518.0,2759.0,1
662,Vickie Kennedy,sharon20@example.net,2022-07-29,Paris,France,72.0,M,774.0,1,1583.9,1583.9,1
663,Kelly King,james03@example.org,2021-01-14,London,UK,68.0,M,45.0,2,1685.2,842.6,1
664,Jeffrey Smith,brenda63@example.org,2022-05-13,Paris,France,61.0,F,964.0,0,0.0,0.0,0
665,Lauren Vazquez,nathandavis@example.org,2022-09-11,Singapore,Singapore,16.0,,48.0,4,4884.46,1221.12,1
666,Mr. George Booker DDS,browndeanna@example.net,2022-01-26,Vancouver,Canada,39.0,F,1071.0,0,0.0,0.0,0
667,Ashley Freeman,tina57@example.net,2023-08-11,Chicago,USA,22.0,F,128.0,1,797.13,797.13,1
668,Michael Howard,johnwilliams@example.net,2021-03-15,Mumbai,India,45.0,F,609.0,1,2406.94,2406.94,1
669,Edward Terry,ashleystephens@example.com,2021-04-28,Singapore,Singapore,75.0,F,1344.0,0,0.0,0.0,0
670,Denise Guerra,caseymoore@example.com,2021-07-11,Bangkok,Thailand,58.0,,1270.0,0,0.0,0.0,0
671,Kimberly Gibson,bgross@example.net,2021-12-22,New York,USA,51.0,M,317.0,3,3734.38,1244.79,1
672,Patty Allen,barrettamber@example.com,2023-05-19,Munich,Germany,60.0,F,477.0,1,1068.69,1068.69,1
673,Michael Cannon,chloemorris@example.net,2022-09-08,Manchester,UK,54.0,F,330.0,4,3338.26,834.56,1
674,Brent Hopkins,conleydavid@example.org,2024-02-19,Paris,France,33.0,F,119.0,2,2760.79,1380.4,1
675,John Garcia,hbarrett@example.net,2019-10-01,Singapore,Singapore,42.0,M,211.0,2,2676.93,1338.46,1
676,Dawn Diaz,smithsamantha@example.net,2022-12-07,Mumbai,India,71.0,M,756.0,0,0.0,0.0,0
677,Steve Miller PhD,wardjulia@example.com,2020-02-16,Toronto,Canada,55.0,Other,369.0,2,1915.82,957.91,1
678,Rebecca Brown,allison14@example.org,2022-12-25,Chicago,USA,27.0,F,738.0,0,0.0,0.0,0
679,Toni Davis,amandalopez@example.net,2023-04-08,Los Angeles,USA,51.0,M,634.0,0,0.0,0.0,0
680,Laura Meza,xreese@example.net,2022-10-12,Manchester,UK,34.0,F,81.0,2,2013.51,1006.76,1
681,Megan Park,kandrade@example.org,2019-02-21,Los Angeles,USA,,F,502.0,1,705.33,705.33,1
682,Kathy Sandoval,umahoney@example.net,2019-11-26,Singapore,Singapore,59.0,M,538.0,2,1546.67,773.34,1
683,Erika Watson PhD,umckenzie@example.net,2020-02-22,Vancouver,Canada,18.0,M,571.0,2,1750.14,875.07,1
684,Joshua Brooks,michael77@example.com,2023-02-23,Sydney,Australia,71.0,F,185.0,3,2772.75,924.25,1
685,Andrew Mitchell,holmesvictoria@example.com,2023-05-26,Munich,Germany,60.0,F,248.0,2,3693.6,1846.8,1
686,William Lewis,andrew48@example.net,2024-06-21,Singapore,Singapore,,F,14.0,3,4289.07,1429.69,1
687,Tammy Moore,stevenseric@example.com,2023-05-19,Mumbai,India,69.0,M,113.0,4,3162.01,790.5,1
688,Kevin Hall,christopher69@example.org,2023-03-27,London,UK,50.0,M,218.0,3,1526.81,508.94,1
689,Misty Mcguire,tracynolan@example.net,2020-08-25,Toronto,Canada,27.0,,480.0,2,107556.21,53778.1,1
690,Susan Larson,benjamin96@example.org,2021-11-18,Melbourne,Australia,,F,1140.0,0,0.0,0.0,0
691,Tammy Cook,hbutler@example.org,2022-04-11,Chicago,USA,16.0,F,111.0,6,9426.81,1571.14,1
692,Sarah Mcfarland,hbrown@example.org,2024-03-16,Chicago,USA,,M,271.0,1,1408.27,1408.27,1
693,Karl Murphy,ericnunez@example.com,2020-09-08,Sydney,Australia,66.0,M,68.0,3,2189.64,729.88,1
694,Nicole Johnston,walkerkeith@example.com,2021-12-12,London,UK,27.0,F,92.0,1,1232.71,1232.71,1
695,George Alvarez,kelleyjose@example.com,2022-01-04,Munich,Germany,21.0,M,1093.0,0,0.0,0.0,0
696,Patricia Anderson,timothygonzalez@example.com,2021-01-08,London,UK,29.0,M,517.0,2,3062.18,1531.09,1
697,Christina Gilbert,johnadams@example.com,2023-08-14,Munich,Germany,16.0,F,134.0,1,2134.41,2134.41,1
698,Thomas Davis,whenderson@example.org,2022-06-10,Sydney,Australia,31.0,F,866.0,1,624.19,624.19,1
699,Kirk Johnson,gary59@example.com,2023-06-19,Bangkok,Thailand,40.0,F,224.0,3,2698.03,899.34,1
700,Jessica Glass,jamesbrooks@example.net,2023-08-11,Munich,Germany,48.0,F,69.0,1,646.65,646.65,1
701,Ashley Brown,mistywilkins@example.org,2022-08-27,Bangkok,Thailand,36.0,F,76.0,2,476.22,238.11,1
702,Robert Torres,njohnson@example.net,2022-01-06,Singapore,Singapore,16.0,M,103.0,2,570.36,285.18,1
703,Christina Mills,ana92@example.net,2023-11-07,Toronto,Canada,69.0,M,128.0,5,3550.6,710.12,1
704,Alicia Aguilar,scottbrian@example.org,2023-05-07,Melbourne,Australia,57.0,M,44.0,3,2533.78,844.59,1
705,Lisa Brown,jonesdonna@example.net,2021-07-29,New York,USA,18.0,M,749.0,3,3741.68,1247.23,1
706,Mary Lin,carternicole@example.com,2019-05-25,Munich,Germany,68.0,F,185.0,2,1605.02,802.51,1
707,James Bray,mckeetodd@example.net,2021-04-08,Sydney,Australia,,M,1364.0,0,0.0,0.0,0
708,Charlotte Mason,tcastro@example.org,2023-01-15,Sydney,Australia,20.0,M,3.0,3,3090.84,1030.28,1
709,Thomas Torres,klong@example.org,2021-01-02,Los Angeles,USA,22.0,M,958.0,1,1906.38,1906.38,1
710,Harold Garrett,wendyirwin@example.com,2023-04-17,Vancouver,Canada,40.0,M,23.0,2,2043.73,1021.86,1
711,Lori Johns,raymondstacy@example.org,2020-03-26,Munich,Germany,63.0,M,741.0,1,478.17,478.17,1
712,Steven Sandoval,blairabigail@example.net,2019-10-23,Sydney,Australia,59.0,M,622.0,1,1218.83,1218.83,1
713,Lori Perez,ashleysimmons@example.com,2021-02-03,Sydney,Australia,51.0,F,1065.0,1,1670.84,1670.84,1
714,Erin Daniels,denisecarpenter@example.net,2022-05-06,Paris,France,50.0,F,471.0,2,992.79,496.4,1
715,Shari Parker,russellstout@example.org,2024-01-25,Melbourne,Australia,29.0,M,63.0,2,1283.65,641.83,1
716,Krystal Moore,grantstacy@example.org,2020-01-12,Chicago,USA,55.0,F,353.0,2,2571.84,1285.92,1
717,Ryan Thomas,cannonnicole@example.com,2022-03-07,Singapore,Singapore,70.0,M,130.0,2,1239.93,619.96,1
718,Elizabeth Reese,edwin31@example.org,2022-01-30,Sydney,Australia,34.0,F,109.0,1,10025.73,10025.73,1
719,Phillip Salazar,catherine93@example.net,2021-09-24,Paris,France,38.0,F,321.0,1,760.46,760.46,1
720,Michael Howard,manderson@example.com,2019-05-23,Paris,France,36.0,M,326.0,3,3346.76,1115.59,1
721,Jacqueline Christian,kwells@example.org,2022-04-11,Melbourne,Australia,52.0,,366.0,1,2025.41,2025.41,1
722,Jason Novak,stephanie33@example.org,2019-01-10,Chicago,USA,31.0,M,191.0,4,2189.1,547.28,1
723,Timothy Duke,dwatts@example.org,2023-09-17,Vancouver,Canada,24.0,M,43.0,2,2171.56,1085.78,1
724,Ricardo Franklin,zcortez@example.net,2021-01-04,Berlin,Germany,47.0,M,316.0,3,1632.19,544.06,1
725,Laura Herrera,meyershannon@example.org,2020-07-28,Mumbai,India,73.0,M,255.0,2,4516.35,2258.18,1
726,Danielle Medina,grantzachary@example.net,2023-01-29,Los Angeles,USA,,F,24.0,6,10041.05,1673.51,1
727,Cheryl Gonzales,kim47@example.org,2022-03-31,Paris,France,65.0,M,70.0,3,5488.22,1829.41,1
728,Louis Brown,stevenlucas@example.org,2024-01-05,Munich,Germany,46.0,F,219.0,2,1486.53,743.26,1
729,Ashley Osborne,phillipmorris@example.org,2023-05-01,Bangkok,Thailand,62.0,M,178.0,4,4233.2,1058.3,1
730,Kevin Marquez,nicoledavis@example.com,2021-03-23,Los Angeles,USA,,,17.0,1,546.61,546.61,1
731,Susan Hogan,davisjasmin@example.net,2022-11-02,Paris,France,64.0,F,237.0,2,2625.33,1312.66,1
732,Joseph Cruz,nicholasjames@example.org,2022-09-12,Paris,France,63.0,F,27.0,2,2221.3,1110.65,1
733,Krystal Keller,fernandothomas@example.net,2021-09-25,Singapore,Singapore,20.0,M,21.0,5,6076.74,1215.35,1
734,Eric Cross,lroberts@example.org,2024-02-03,Munich,Germany,40.0,F,92.0,1,1744.59,1744.59,1
735,Toni Smith,alexander77@example.net,2020-10-25,Sydney,Australia,61.0,F,1529.0,0,0.0,0.0,0
736,Lisa Snyder,briannaalvarez@example.com,2020-06-23,Melbourne,Australia,50.0,F,13.0,4,4741.9,1185.47,1
737,Kyle Smith,christine83@example.org,2022-08-31,Paris,France,49.0,F,358.0,1,1318.27,1318.27,1
738,Anthony Bailey,melissaestrada@example.net,2020-12-23,Manchester,UK,47.0,F,396.0,1,292.17,292.17,1
739,Thomas Williams,kchaney@example.net,2019-10-12,Bangkok,Thailand,26.0,F,602.0,1,1335.13,1335.13,1
740,Matthew Graves,tammycurry@example.com,2020-01-18,Chicago,USA,39.0,M,80.0,4,2658.94,664.74,1
741,Anna Evans,priscilla16@example.net,2023-07-20,Manchester,UK,62.0,M,172.0,2,2400.89,1200.44,1
742,John Martinez,mark68@example.org,2019-11-27,Paris,France,69.0,F,594.0,2,1199.36,599.68,1
743,Lisa Rodriguez,webbhaley@example.net,2019-11-26,Paris,France,56.0,F,185.0,2,1637.48,818.74,1
744,Lee Stewart,sara99@example.com,2020-06-12,Chicago,USA,49.0,M,1664.0,0,0.0,0.0,0
745,Lynn Vasquez,nicolehall@example.com,2023-12-05,New York,USA,21.0,M,63.0,1,1432.75,1432.75,1
746,April Johnson,mclaughlinjared@example.net,2019-12-16,Berlin,Germany,69.0,M,202.0,1,61.15,61.15,1
747,Mrs. Felicia Castro DDS,davidsonhannah@example.com,2020-01-08,Singapore,Singapore,58.0,M,632.0,1,2186.25,2186.25,1
748,Elizabeth Hunter,katie15@example.com,2021-07-17,Bangkok,Thailand,53.0,F,1264.0,0,0.0,0.0,0
749,Keith Choi,jamesbass@example.net,2020-02-19,New York,USA,71.0,M,59.0,3,2567.64,855.88,1
750,John Johnson,timothyburton@example.net,2019-07-17,Paris,France,46.0,M,390.0,2,2705.95,1352.98,1
751,Julia Olsen,conleykevin@example.net,2021-10-27,Munich,Germany,21.0,M,1162.0,0,0.0,0.0,0
752,Kristen Smith,lauren51@example.org,2019-01-03,Mumbai,India,43.0,F,29.0,4,2409.79,602.45,1
753,Andre Terrell,ashleyprice@example.net,2021-05-28,Munich,Germany,67.0,F,397.0,2,716.24,358.12,1
754,Richard Parker,jennifer46@example.org,2023-02-27,Singapore,Singapore,22.0,M,674.0,0,0.0,0.0,0
755,David Hayes DVM,aliciathompson@example.com,2023-10-26,Bangkok,Thailand,34.0,F,433.0,0,0.0,0.0,0
756,Paula Gentry,zhunter@example.com,2022-12-23,New York,USA,52.0,F,19.0,3,3509.63,1169.88,1
757,Brittany Peterson,hoconnor@example.com,2022-11-09,Toronto,Canada,42.0,M,366.0,1,43.13,43.13,1
758,Briana Wiggins,jamiejohnson@example.com,2020-06-19,Vancouver,Canada,43.0,,1657.0,0,0.0,0.0,0
759,Kelly Smith,mcdanielbrooke@example.org,2023-03-27,Manchester,UK,42.0,F,646.0,0,0.0,0.0,0
760,Stephen Garcia,andrew43@example.com,2022-02-10,Munich,Germany,32.0,M,91.0,3,8521.38,2840.46,1
761,Dustin Patel,rlambert@example.org,2023-02-15,Manchester,UK,70.0,F,147.0,5,5498.77,1099.75,1
762,Brian Mullen,clarkmichael@example.com,2022-12-03,Singapore,Singapore,22.0,F,111.0,6,6025.66,1004.28,1
763,Tony Brock,georgecollins@example.com,2022-06-11,Munich,Germany,26.0,M,123.0,2,1582.3,791.15,1
764,Amber Johnson,rodriguezbrian@example.com,2019-10-25,Mumbai,India,75.0,F,301.0,3,2180.73,726.91,1
765,Michael Vance,tjensen@example.com,2019-06-13,London,UK,18.0,F,527.0,3,828.55,276.18,1
766,Michelle Lambert,beltrankatelyn@example.com,2021-12-03,Sydney,Australia,61.0,M,1125.0,0,0.0,0.0,0
767,Anna Lang,tdavis@example.net,2022-08-04,Chicago,USA,,Other,622.0,2,2468.13,1234.06,1
768,Pamela Ruiz,douglashuang@example.com,2020-08-08,Munich,Germany,18.0,M,1052.0,1,16.81,16.81,1
769,Jenna Lyons,kristina57@example.com,2019-12-14,,France,39.0,F,1845.0,0,0.0,0.0,0
770,John Bell,ssingleton@example.com,2023-05-16,Vancouver,Canada,38.0,F,190.0,2,1062.92,531.46,1
771,Bethany Garcia,nguyendebra@example.com,2023-02-18,New York,USA,74.0,M,302.0,1,1156.45,1156.45,1
772,Jennifer Gutierrez,amydickson@example.com,2022-04-08,Bangkok,Thailand,38.0,M,125.0,2,2923.1,1461.55,1
773,Daniel Benson,bmueller@example.net,2021-07-20,Toronto,Canada,,M,298.0,5,5241.08,1048.22,1
774,Kimberly Young,stevensonjennifer@example.com,2019-05-29,Munich,Germany,34.0,M,253.0,1,1403.47,1403.47,1
775,Kyle Nguyen,shortgregory@example.com,2023-11-30,Vancouver,Canada,68.0,F,4.0,4,4050.73,1012.68,1
776,Brian Cervantes,pmurphy@example.net,2022-02-27,Manchester,UK,65.0,M,1039.0,0,0.0,0.0,0
777,Daniel Taylor,shermandonna@example.com,2021-08-01,Sydney,Australia,,F,402.0,1,1678.68,1678.68,1
778,Jean Lane,jamierich@example.com,2023-06-04,Sydney,Australia,59.0,F,224.0,2,1415.16,707.58,1
779,Susan Torres,wrobbins@example.org,2021-11-23,London,UK,16.0,F,1135.0,0,0.0,0.0,0
780,Lisa Dixon,melissabrown@example.net,2022-10-11,Manchester,UK,20.0,F,813.0,0,0.0,0.0,0
781,April Castro,daniel40@example.org,2024-01-06,Toronto,Canada,33.0,Other,25.0,1,972.61,972.61,1
782,Kevin Garrett,bsullivan@example.net,2021-10-18,Toronto,Canada,31.0,F,457.0,1,1626.83,1626.83,1
783,Christopher Taylor,xbridges@example.com,2023-09-06,Toronto,Canada,69.0,F,115.0,4,4023.37,1005.84,1
784,Zachary Santiago,alexanderwong@example.org,2019-06-10,Bangkok,Thailand,,,2032.0,0,0.0,0.0,0
785,Katelyn Kim,christophermay@example.com,2021-09-14,Mumbai,India,55.0,M,720.0,1,22053.24,22053.24,1
786,Stephanie Dominguez,dhanson@example.net,2023-11-15,Paris,France,47.0,M,124.0,3,4106.0,1368.67,1
787,Robert Cruz,jacobjacobs@example.net,2020-03-30,Manchester,UK,,M,4.0,2,4405.01,2202.5,1
788,Dr. Michael Adams DVM,arthur09@example.com,2019-03-08,Munich,Germany,38.0,F,69.0,2,1931.42,965.71,1
789,Ashley Olson,thomasjessica@example.com,2022-12-01,,USA,45.0,M,321.0,2,5544.53,2772.26,1
790,Blake Wu,sanchezcrystal@example.net,2022-04-04,Manchester,UK,36.0,F,161.0,3,3650.96,1216.99,1
791,Angela Schultz,chloe58@example.org,2020-04-30,Vancouver,Canada,46.0,F,572.0,1,3435.02,3435.02,1
792,Jose Harrison,robert44@example.org,2020-03-07,Manchester,UK,60.0,F,343.0,2,1846.89,923.44,1
793,Thomas Curry,bryan79@example.org,2020-01-04,Berlin,Germany,24.0,M,256.0,5,4626.69,925.34,1
794,Mary Carter,mitchellchristopher@example.net,2020-07-06,Melbourne,Australia,51.0,F,32.0,2,2952.64,1476.32,1
795,Richard King,joshua40@example.net,2019-11-03,Melbourne,Australia,,F,184.0,2,2693.26,1346.63,1
796,Christopher Vargas,donnawood@example.org,2023-10-06,Bangkok,Thailand,49.0,M,153.0,2,1379.23,689.62,1
797,Michael Washington,cooperchristopher@example.org,2022-02-25,Vancouver,Canada,19.0,F,51.0,5,4705.0,941.0,1
798,Samantha Monroe,ptownsend@example.net,2020-06-04,Mumbai,India,69.0,F,256.0,1,2330.1,2330.1,1
799,Mark Clark,brian41@example.org,2021-01-07,London,UK,51.0,F,385.0,2,893.83,446.92,1
800,James Turner,noahthornton@example.com,2020-12-20,Los Angeles,USA,28.0,M,162.0,2,3026.26,1513.13,1
801,Joseph Graham,sara76@example.net,2020-08-05,Singapore,Singapore,36.0,M,311.0,1,2112.16,2112.16,1
802,Joseph Blanchard,hardindana@example.com,2019-06-10,Bangkok,Thailand,55.0,F,94.0,2,1522.94,761.47,1
803,Marissa Nelson,joseph14@example.net,2022-08-04,Chicago,USA,42.0,M,881.0,1,422.02,422.02,1
804,Julia Leonard,jessicachapman@example.org,2019-06-12,Los Angeles,USA,37.0,F,987.0,1,211.24,211.24,1
805,Megan Kaiser,amy01@example.org,2022-05-24,Vancouver,Canada,41.0,M,22.0,3,4506.36,1502.12,1
806,Joseph Jennings,jeffrey44@example.org,2023-03-12,London,UK,49.0,F,631.0,2,1979.94,989.97,1
807,Manuel Brown,stephanielittle@example.net,2019-09-14,New York,USA,58.0,M,108.0,3,7779.47,2593.16,1
808,Angelica Jacobs,pdouglas@example.net,2019-12-08,Toronto,Canada,22.0,M,544.0,1,1029.46,1029.46,1
809,Cathy Rodriguez,jonowens@example.org,2019-02-23,New York,USA,49.0,F,114.0,3,2572.97,857.66,1
810,Tammy Hill,qschwartz@example.com,2019-06-22,Chicago,USA,75.0,F,63.0,4,2151.86,537.96,1
811,Richard Ramirez,reyesmarvin@example.org,2021-06-26,Vancouver,Canada,24.0,F,163.0,3,4211.85,1403.95,1
812,Robert Thompson,vasquezsarah@example.net,2020-12-31,Sydney,Australia,71.0,M,604.0,1,2441.48,2441.48,1
813,Matthew Rodriguez,probinson@example.org,2022-01-28,Vancouver,Canada,24.0,F,228.0,2,4541.66,2270.83,1
814,Michelle Garcia,jonesjessica@example.com,2021-07-24,Paris,France,63.0,M,268.0,1,445.65,445.65,1
815,Jonathan Delgado,fitzpatrickelizabeth@example.com,2021-12-29,Sydney,Australia,74.0,M,1099.0,0,0.0,0.0,0
816,Gary Myers,robertsonshelby@example.com,2020-09-22,Berlin,Germany,42.0,F,442.0,5,2989.05,597.81,1
817,Jared Luna,fernandezaaron@example.net,2023-04-02,Mumbai,India,38.0,M,28.0,5,1986.73,397.35,1
818,Karen Bradley,mathew46@example.org,2024-04-23,Berlin,Germany,,F,253.0,0,0.0,0.0,0
819,Tina Davis,christopher74@example.net,2023-06-20,Toronto,Canada,51.0,M,4.0,3,2578.63,859.54,1
820,Julian Ponce,kentprice@example.org,2020-05-26,Manchester,UK,61.0,F,579.0,2,3591.32,1795.66,1
821,Heather Miller,imoss@example.org,2019-06-12,Vancouver,Canada,56.0,M,45.0,3,4056.09,1352.03,1
822,Nathan Watkins,yprice@example.net,2022-11-22,Singapore,Singapore,34.0,F,435.0,2,3105.69,1552.84,1
823,Kathryn Hanna,blevy@example.org,2023-10-14,Toronto,Canada,27.0,F,248.0,1,218.79,218.79,1
824,George Le,zwilson@example.net,2020-07-11,,Germany,47.0,F,687.0,3,3989.52,1329.84,1
825,Judy Gregory,joycehall@example.org,2019-02-15,Munich,Germany,22.0,F,465.0,1,533.4,533.4,1
826,Charles Valdez,nmeadows@example.org,2020-04-21,New York,USA,,F,600.0,2,4398.13,2199.06,1
827,Matthew Smith,conwaylori@example.org,2023-06-26,Singapore,Singapore,39.0,F,555.0,0,0.0,0.0,0
828,Christopher Garza,wilsonbrooke@example.net,2023-03-18,Mumbai,India,19.0,M,373.0,2,1092.41,546.21,1
829,Robert Simmons,rnguyen@example.net,2020-01-29,,USA,68.0,,6.0,4,2792.85,698.21,1
830,Erica Oconnell,kathrynwatkins@example.com,2020-05-24,Melbourne,Australia,65.0,,9.0,4,3564.26,891.06,1
831,Donald Todd,heathertran@example.com,2021-08-01,Toronto,Canada,49.0,F,794.0,1,797.38,797.38,1
832,Kevin Anderson,bstrickland@example.com,2024-04-01,Vancouver,Canada,26.0,Other,122.0,2,1223.81,611.9,1
833,Adam Howe,robert72@example.org,2019-09-08,Munich,Germany,46.0,M,526.0,1,90.93,90.93,1
834,Devin Cole,sharonbishop@example.org,2022-09-27,Mumbai,India,23.0,F,342.0,1,1000.88,1000.88,1
835,Michelle Salazar,burtonkimberly@example.com,2020-07-19,Singapore,Singapore,23.0,,67.0,5,37055.88,7411.18,1
836,Justin Lee,montgomerymichelle@example.net,2023-05-24,Paris,France,60.0,F,588.0,0,0.0,0.0,0
837,Julie Sims,joshualee@example.org,2021-10-20,Chicago,USA,59.0,,157.0,2,1337.54,668.77,1
838,Tracy Wells,ernestlivingston@example.org,2019-05-03,Sydney,Australia,38.0,M,513.0,3,3923.42,1307.81,1
839,Dominique Hamilton,christina70@example.org,2021-09-26,Chicago,USA,36.0,M,278.0,3,4397.61,1465.87,1
840,Tammy Thompson,washingtondarren@example.org,2024-01-01,Singapore,Singapore,62.0,F,224.0,1,1477.68,1477.68,1
841,Leslie Nguyen,julievillanueva@example.org,2020-05-28,Chicago,USA,47.0,M,461.0,2,693.11,346.56,1
842,Erika Garcia,ykane@example.org,2020-01-24,Berlin,Germany,27.0,M,1804.0,0,0.0,0.0,0
843,Kevin Brown,nthomas@example.com,2023-08-30,Mumbai,India,74.0,M,490.0,0,0.0,0.0,0
844,James Ellis,crystalcantrell@example.org,2020-08-28,,Germany,50.0,M,348.0,3,2631.88,877.29,1
845,Andrew Carroll,derek77@example.com,2023-02-11,Manchester,UK,,M,357.0,1,2127.63,2127.63,1
846,Greg Tanner,kristinelittle@example.net,2020-10-18,Toronto,Canada,58.0,F,712.0,1,276.27,276.27,1
847,Laura Tran,christophervincent@example.com,2021-10-15,Sydney,Australia,25.0,M,584.0,1,1864.43,1864.43,1
848,Cindy Wells,uramirez@example.com,2019-07-17,Los Angeles,USA,58.0,F,690.0,1,2038.67,2038.67,1
849,Danielle Murphy,patriciavargas@example.org,2019-03-06,Mumbai,India,22.0,M,354.0,1,362.18,362.18,1
850,Stephanie Butler,williamsthomas@example.net,2021-03-06,Mumbai,India,47.0,F,1397.0,0,0.0,0.0,0
851,Joseph Mendoza,chavezjohn@example.net,2020-03-28,London,UK,61.0,F,117.0,2,804.47,402.24,1
852,Melissa Russell,davidphillips@example.net,2024-03-16,Berlin,Germany,45.0,M,152.0,5,2396.7,479.34,1
853,Mrs. Maureen Martin DDS,braysteven@example.org,2021-05-01,Bangkok,Thailand,66.0,F,477.0,2,5053.17,2526.58,1
854,Jennifer Clarke,courtney01@example.com,2023-02-12,New York,USA,69.0,,623.0,1,456.96,456.96,1
855,Faith Johnson,smullins@example.net,2019-07-27,Los Angeles,USA,50.0,M,464.0,2,5106.68,2553.34,1
856,Rebecca French,olivermatthew@example.org,2022-07-04,Paris,France,51.0,F,655.0,3,6604.27,2201.42,1
857,Susan Cox,rodriguezmichael@example.net,2022-03-26,Sydney,Australia,59.0,M,1012.0,0,0.0,0.0,0
858,Jacob Wong,castrokim@example.org,2023-06-11,Chicago,USA,51.0,F,302.0,2,554.7,277.35,1
859,Mrs. Ashley Mendoza,karenhodges@example.com,2021-06-26,Paris,France,73.0,F,958.0,1,1380.64,1380.64,1
860,Derek Frazier,brian55@example.com,2021-04-24,London,UK,43.0,F,1348.0,0,0.0,0.0,0
861,Mr. Bryan Mckinney,shannon51@example.org,2020-03-14,Munich,Germany,65.0,F,17.0,3,4903.18,1634.39,1
862,Judith Miller,keithfrye@example.org,2021-07-05,Berlin,Germany,16.0,M,208.0,3,3530.68,1176.89,1
863,Brian Hernandez,nancymeyer@example.net,2019-10-04,Munich,Germany,16.0,M,572.0,3,1561.7,520.57,1
864,Jason Fleming,thomasfisher@example.net,2023-04-30,New York,USA,74.0,Other,104.0,2,2789.93,1394.96,1
865,Dorothy Brown,marystone@example.com,2019-07-13,Chicago,USA,45.0,F,109.0,2,1492.65,746.32,1
866,Grant Lucas,todd88@example.com,2020-05-26,Paris,France,32.0,F,504.0,3,3341.19,1113.73,1
867,Keith Villanueva,george43@example.com,2020-03-21,Bangkok,Thailand,62.0,M,1747.0,0,0.0,0.0,0
868,Dwayne Bruce,michaelbryant@example.org,2022-11-13,Bangkok,Thailand,68.0,F,336.0,3,7052.64,2350.88,1
869,Caitlyn Nichols,teresafranco@example.net,2023-07-14,Melbourne,Australia,40.0,M,90.0,4,4071.17,1017.79,1
870,Rebecca Martin,williamsleslie@example.org,2023-12-07,London,UK,42.0,M,315.0,1,676.1,676.1,1
871,Jacob Harris,wadetiffany@example.org,2022-08-29,Melbourne,Australia,,F,629.0,2,2038.88,1019.44,1
872,Joshua Martin,david06@example.com,2021-12-09,Vancouver,Canada,36.0,M,311.0,4,5731.32,1432.83,1
873,Theresa Reilly,adamrodgers@example.net,2019-11-10,Toronto,Canada,59.0,F,442.0,3,2138.41,712.8,1
874,Michael Wells,tara92@example.net,2022-03-24,Paris,France,21.0,F,176.0,1,1055.69,1055.69,1
875,Tammy Morgan,dennisrachel@example.org,2020-11-19,Chicago,USA,46.0,F,1072.0,1,1513.29,1513.29,1
876,Audrey Johnson,seandavis@example.org,2021-03-27,Los Angeles,USA,43.0,F,108.0,2,15800.23,7900.12,1
877,Christie Fox,james18@example.com,2020-02-10,Munich,Germany,41.0,M,253.0,2,2287.56,1143.78,1
878,Tina Daugherty,ulee@example.net,2021-12-09,Melbourne,Australia,31.0,F,1119.0,0,0.0,0.0,0
879,Terri Kerr,raymond65@example.com,2022-03-25,Bangkok,Thailand,23.0,F,1013.0,0,0.0,0.0,0
880,Dustin Bell,fsawyer@example.org,2020-12-06,London,UK,,,165.0,5,4585.33,917.07,1
881,Jill Riddle,achandler@example.org,2023-08-10,Paris,France,55.0,M,303.0,3,1940.86,646.95,1
882,Linda Thomas,thomas85@example.org,2022-11-04,Toronto,Canada,25.0,F,68.0,3,2473.38,824.46,1
883,Leslie Bennett,ortizrobin@example.com,2020-05-12,New York,USA,75.0,F,101.0,4,16468.8,4117.2,1
884,Joel Bradley,jamescollier@example.com,2022-11-21,,UK,35.0,F,63.0,1,548.49,548.49,1
885,Amanda Mckenzie,troy73@example.org,2020-03-09,Munich,Germany,50.0,M,762.0,2,17765.27,8882.64,1
886,Brittany Evans,qmartinez@example.com,2019-10-17,Melbourne,Australia,40.0,F,633.0,1,10.24,10.24,1
887,John Watts,anthonyhubbard@example.com,2019-05-04,Chicago,USA,28.0,F,946.0,1,1230.17,1230.17,1
888,Andrea Reese DDS,ooneill@example.net,2024-04-19,Sydney,Australia,20.0,M,2.0,4,4269.39,1067.35,1
889,Michael Wilson,brucefrancisco@example.org,2021-01-07,Sydney,Australia,17.0,F,10.0,5,4508.76,901.75,1
890,Joel Steele,frank45@example.com,2021-11-07,Manchester,UK,73.0,M,119.0,4,11380.16,2845.04,1
891,Tina Williams,alyssa18@example.org,2020-02-12,Chicago,USA,45.0,F,717.0,3,5449.54,1816.51,1
892,Catherine Davis,amybrennan@example.net,2021-12-20,Bangkok,Thailand,37.0,F,208.0,2,1244.56,622.28,1
893,Denise Wolfe,cody95@example.org,2020-12-21,Sydney,Australia,56.0,,1472.0,0,0.0,0.0,0
894,Joseph Watson,kjenkins@example.org,2023-07-21,Vancouver,Canada,56.0,,383.0,1,754.14,754.14,1
895,Jonathan Decker,butlersabrina@example.org,2024-04-17,New York,USA,33.0,F,112.0,2,2048.0,1024.0,1
896,Tammy Mendoza,hannah27@example.net,2019-06-29,Chicago,USA,49.0,M,9.0,1,1957.92,1957.92,1
897,Tracy Jackson,anthony13@example.org,2021-05-04,Toronto,Canada,52.0,M,202.0,4,7766.32,1941.58,1
898,Brenda Perez,jasonzavala@example.com,2021-07-08,London,UK,24.0,M,198.0,5,4563.13,912.63,1
899,Rachel Jones,ctodd@example.org,2020-02-19,Singapore,Singapore,35.0,M,1778.0,0,0.0,0.0,0
900,Ricky Palmer,harrisonrebekah@example.org,2024-02-05,Manchester,UK,57.0,F,87.0,1,1190.44,1190.44,1
901,Michael Webster,morajamie@example.org,2021-12-27,Munich,Germany,27.0,M,471.0,2,1995.02,997.51,1
902,Gregory Davis,stacy55@example.org,2020-10-14,Singapore,Singapore,42.0,M,1540.0,0,0.0,0.0,0
903,Phyllis Austin,garciabelinda@example.org,2024-03-26,Sydney,Australia,25.0,F,130.0,3,872.88,290.96,1
904,Michelle Brandt,rachelmedina@example.net,2022-06-07,Singapore,Singapore,33.0,M,807.0,1,337.43,337.43,1
905,Daniel Gordon,lrichardson@example.org,2022-11-08,Toronto,Canada,38.0,F,688.0,1,1218.33,1218.33,1
906,Tyler White,tina63@example.net,2022-05-23,Mumbai,India,61.0,F,448.0,3,2616.16,872.05,1
907,Brian Rollins,owensapril@example.com,2019-10-09,Berlin,Germany,28.0,,170.0,2,826.56,413.28,1
908,Michele Hawkins,millertristan@example.com,2020-07-06,Bangkok,Thailand,30.0,M,642.0,3,4703.46,1567.82,1
909,Kyle Collins,aperez@example.com,2019-12-29,Los Angeles,USA,71.0,M,15.0,2,2660.32,1330.16,1
910,Mrs. Shannon Jacobson,xcrosby@example.org,2020-05-20,Bangkok,Thailand,41.0,M,521.0,1,842.51,842.51,1
911,Michael Powers,qkim@example.net,2020-10-02,Melbourne,Australia,55.0,M,1552.0,0,0.0,0.0,0
912,Charles Morales,figueroapatricia@example.org,2023-11-29,Sydney,Australia,49.0,M,51.0,3,4509.03,1503.01,1
913,William Morgan,bmartinez@example.net,2020-05-18,Bangkok,Thailand,50.0,M,96.0,4,4082.23,1020.56,1
914,Dr. Ralph Wheeler DDS,qkelly@example.net,2023-04-17,Munich,Germany,19.0,M,256.0,1,1037.41,1037.41,1
915,Victoria Dixon,katrinarodriguez@example.com,2023-08-22,Singapore,Singapore,45.0,M,321.0,3,3634.65,1211.55,1
916,David Dunlap Jr.,greertyrone@example.org,2021-11-24,Melbourne,Australia,45.0,M,64.0,5,15819.35,3163.87,1
917,Janet Shelton,kevinhanson@example.org,2020-01-04,Los Angeles,USA,73.0,F,501.0,1,1769.23,1769.23,1
918,Kelly Vasquez,qharris@example.com,2019-02-21,Berlin,Germany,45.0,F,438.0,3,4962.08,1654.03,1
919,Dennis Cooper PhD,cisnerosanthony@example.com,2019-07-04,Berlin,Germany,36.0,M,331.0,2,2695.36,1347.68,1
920,Barbara Cole,cramos@example.org,2023-02-10,Melbourne,Australia,21.0,F,32.0,3,5814.83,1938.28,1
921,Matthew Chan,travistaylor@example.net,2022-12-19,Munich,Germany,62.0,Other,17.0,7,6270.35,895.76,1
922,Phillip Carroll,rkeller@example.net,2022-02-01,Manchester,UK,18.0,M,264.0,3,2923.52,974.51,1
923,Karen Dickerson,myerstroy@example.com,2023-11-02,Sydney,Australia,26.0,M,139.0,2,3418.03,1709.02,1
924,Heather Levine,bryan90@example.org,2020-09-22,Manchester,UK,62.0,M,648.0,1,692.22,692.22,1
925,Hannah Harmon,hubbardcolleen@example.com,2024-01-15,Los Angeles,USA,,F,41.0,2,1823.63,911.82,1
926,Gregory Howard,brian33@example.org,2023-10-18,Berlin,Germany,50.0,M,290.0,1,492.47,492.47,1
927,Leslie Lozano,meltondanny@example.org,2022-04-20,Toronto,Canada,45.0,M,708.0,1,417.15,417.15,1
928,Gabriel Murray,abradley@example.com,2023-12-12,Toronto,Canada,33.0,M,83.0,1,39.56,39.56,1
929,John Johnson,nicholas65@example.net,2020-01-14,New York,USA,19.0,M,358.0,1,194.56,194.56,1
930,John Vazquez,matthewshaw@example.net,2022-03-29,Sydney,Australia,35.0,F,355.0,2,2468.36,1234.18,1
931,Lucas Cox,karlwilliams@example.net,2019-11-27,Chicago,USA,55.0,M,1862.0,0,0.0,0.0,0
932,Darrell Newton,robbinsbelinda@example.net,2019-12-30,Munich,Germany,63.0,F,46.0,2,2390.01,1195.01,1
933,Austin Solis,wsimmons@example.org,2020-10-23,Vancouver,Canada,73.0,F,189.0,2,5093.44,2546.72,1
934,Elizabeth Brock,ualvarado@example.org,2019-05-13,Munich,Germany,46.0,F,740.0,2,1713.36,856.68,1
935,David Robertson,nicoleburton@example.net,2021-04-27,Munich,Germany,29.0,F,297.0,2,2030.9,1015.45,1
936,Laura Lewis,oadams@example.net,2024-06-28,Melbourne,Australia,49.0,M,35.0,2,526.29,263.14,1
937,Sarah Meadows,boydmichael@example.org,2023-06-03,Bangkok,Thailand,43.0,M,284.0,2,2202.47,1101.23,1
938,Paul Cannon,ejenkins@example.net,2020-12-25,Paris,France,55.0,M,116.0,3,3826.04,1275.35,1
939,Jason Colon,jonathanburke@example.com,2023-07-13,Berlin,Germany,72.0,,538.0,0,0.0,0.0,0
940,Chris Johnson,steven86@example.com,2019-08-31,New York,USA,45.0,M,1950.0,0,0.0,0.0,0
941,Amanda Moore,anthonyclarke@example.com,2022-06-14,Singapore,Singapore,,M,102.0,3,1545.52,515.17,1
942,Casey Phelps,dcasey@example.org,2019-01-24,Toronto,Canada,28.0,F,2169.0,0,0.0,0.0,0
943,Edward Brown,qmosley@example.net,2021-11-03,Vancouver,Canada,36.0,F,159.0,6,7328.82,1221.47,1
944,Jennifer Larsen,joelduncan@example.net,2023-01-23,Manchester,UK,55.0,F,709.0,0,0.0,0.0,0
945,Kelly Calderon,tyler13@example.net,2020-11-23,Mumbai,India,74.0,F,82.0,2,1986.7,993.35,1
946,Robert Murphy,vshaffer@example.org,2022-07-08,Chicago,USA,73.0,M,516.0,3,2604.48,868.16,1
947,Claudia Rodriguez,taragonzales@example.com,2021-04-27,Mumbai,India,69.0,M,1345.0,0,0.0,0.0,0
948,Amy Ferguson,stewartrodney@example.net,2022-01-02,Munich,Germany,29.0,M,235.0,1,2908.1,2908.1,1
949,Donald Mueller,michaelbaldwin@example.com,2020-12-25,Singapore,Singapore,25.0,,73.0,3,5785.28,1928.43,1
950,Walter Obrien,vazquezkristina@example.org,2021-12-30,Sydney,Australia,52.0,F,230.0,3,2314.14,771.38,1
951,James Fowler,rebecca18@example.org,2023-03-20,Singapore,Singapore,61.0,F,471.0,1,1084.25,1084.25,1
952,Jasmine Browning,qpennington@example.com,2021-10-14,Los Angeles,USA,39.0,F,346.0,5,5721.52,1144.3,1
953,Rodney Young,michelemartin@example.com,2019-12-25,Vancouver,Canada,39.0,M,130.0,1,446.06,446.06,1
954,Sherry Wang,rmccormick@example.org,2021-11-02,Berlin,Germany,67.0,F,1156.0,0,0.0,0.0,0
955,Teresa Ruiz,vhouse@example.net,2021-09-17,Bangkok,Thailand,35.0,M,1202.0,0,0.0,0.0,0
956,Thomas Garcia,hollyhunter@example.com,2024-04-05,Mumbai,India,59.0,F,103.0,2,2259.4,1129.7,1
957,Nicholas Kelley,shawn00@example.net,2023-01-01,Manchester,UK,,M,2.0,3,3923.57,1307.86,1
958,Lorraine Gibbs,aarongonzalez@example.com,2023-11-21,Paris,France,37.0,M,130.0,1,1617.8,1617.8,1
959,Bradley Moore,melaniejennings@example.com,2023-03-07,Sydney,Australia,17.0,M,441.0,3,4117.38,1372.46,1
960,Shane Anderson,graceserrano@example.com,2020-02-15,London,UK,34.0,F,561.0,3,3780.02,1260.01,1
961,Jason White,kduffy@example.org,2020-07-12,,USA,26.0,M,57.0,2,1360.99,680.5,1
962,Alexander Hansen,rebeccamccann@example.org,2019-07-29,Munich,Germany,50.0,F,150.0,1,620.48,620.48,1
963,Samuel Williams,jburke@example.org,2023-07-05,Melbourne,Australia,52.0,M,456.0,1,147.63,147.63,1
964,Carolyn Bradley,higginsryan@example.com,2022-01-12,London,UK,19.0,M,1002.0,2,3319.71,1659.86,1
965,Kathleen Walker,jamesatkins@example.com,2021-02-24,Los Angeles,USA,21.0,M,426.0,2,686.41,343.2,1
966,Johnny Anderson,carolcarney@example.com,2022-07-13,Paris,France,55.0,F,423.0,1,217.73,217.73,1
967,Chelsey White,anthonycherry@example.org,2022-10-05,Singapore,Singapore,21.0,M,355.0,2,1303.57,651.78,1
968,Susan Wood,emiller@example.org,2019-07-10,Chicago,USA,22.0,M,947.0,2,1664.64,832.32,1
969,Valerie Sanders,jennifererickson@example.net,2021-08-21,Berlin,Germany,30.0,F,520.0,3,3460.67,1153.56,1
970,Angel Hawkins,cookjimmy@example.com,2021-03-13,London,UK,60.0,M,19.0,1,1010.34,1010.34,1
971,Teresa Coffey DDS,smithwilliam@example.com,2021-07-17,London,UK,17.0,M,193.0,6,31175.19,5195.86,1
972,James Wood,carpenterjorge@example.net,2019-12-16,Mumbai,India,65.0,M,85.0,3,3680.68,1226.89,1
973,Gerald Mcdonald Jr.,hthomas@example.com,2023-08-02,Manchester,UK,36.0,F,262.0,2,1578.27,789.14,1
974,Carl Savage,julie64@example.com,2021-03-31,Berlin,Germany,42.0,F,800.0,3,2588.78,862.93,1
975,Pam Baker,ryan25@example.net,2021-02-25,Berlin,Germany,37.0,F,213.0,1,1574.8,1574.8,1
976,Pamela Hernandez DVM,jbrown@example.org,2022-03-07,Manchester,UK,50.0,M,504.0,2,30173.74,15086.87,1
977,Andrew Green,fgraham@example.org,2024-03-21,Melbourne,Australia,69.0,M,130.0,4,4370.18,1092.54,1
978,William Hoffman,uvasquez@example.org,2019-07-19,Munich,Germany,27.0,M,560.0,1,2012.48,2012.48,1
979,Brandon Oneill,marybrady@example.com,2023-07-26,Sydney,Australia,65.0,M,84.0,1,757.42,757.42,1
980,Mary Lewis,foxashley@example.com,2019-07-05,New York,USA,68.0,M,142.0,2,1617.39,808.7,1
981,Danielle Jimenez,clayanthony@example.net,2019-01-01,Singapore,Singapore,58.0,F,701.0,3,5829.06,1943.02,1
982,Mrs. Jacqueline Hickman,hooderic@example.org,2021-07-04,Paris,France,29.0,M,343.0,2,2349.61,1174.8,1
983,Michael Castillo,brooke05@example.org,2022-10-23,Bangkok,Thailand,74.0,,325.0,2,841.02,420.51,1
984,Tiffany Nguyen,jasonwilliams@example.net,2019-07-02,London,UK,16.0,M,2010.0,0,0.0,0.0,0
985,Robert Manning,tammyglenn@example.org,2020-08-25,Mumbai,India,39.0,F,11.0,2,1996.9,998.45,1
986,Daniel Price,wmitchell@example.net,2023-08-08,Munich,Germany,23.0,F,150.0,2,3833.99,1917.0,1
987,Edwin Owen,rebecca92@example.com,2022-04-23,Melbourne,Australia,56.0,F,27.0,2,2094.75,1047.38,1
988,Sandra Hunt,ygriffin@example.com,2020-03-08,Munich,Germany,46.0,M,198.0,3,37522.62,12507.54,1
989,Kyle Davis,nshepherd@example.org,2023-09-17,London,UK,25.0,F,47.0,1,13393.63,13393.63,1
990,Jeffery Williams,teresa32@example.com,2019-05-27,New York,USA,17.0,M,2046.0,0,0.0,0.0,0
991,Maria Miller,zkim@example.com,2019-06-23,Chicago,USA,57.0,M,129.0,2,3361.0,1680.5,1
992,William Sutton,mckenzie86@example.com,2022-05-22,Melbourne,Australia,55.0,M,166.0,5,4025.44,805.09,1
993,Kristen Lowery,dixonrobert@example.com,2021-02-26,Berlin,Germany,30.0,M,543.0,2,634.29,317.14,1
994,Laura King,brenda80@example.org,2023-02-05,Mumbai,India,61.0,M,140.0,1,3133.51,3133.51,1
995,Julie Hartman,awilliams@example.net,2019-03-10,London,UK,52.0,M,440.0,4,4651.7,1162.92,1
996,Kevin Gibson,qhanson@example.com,2019-06-13,Melbourne,Australia,62.0,,104.0,2,2660.0,1330.0,1
997,Shelby Lopez,christianhendrix@example.com,2020-07-26,Singapore,Singapore,49.0,F,91.0,2,1280.37,640.18,1
998,Ashley Ferguson,fosteralexander@example.net,2022-07-15,Berlin,Germany,59.0,F,16.0,3,2745.02,915.01,1
999,Michael Melton,nturner@example.com,2024-01-25,New York,USA,50.0,M,142.0,1,3118.4,3118.4,1
1000,Tracey Leonard,christopher20@example.org,2022-03-21,Berlin,Germany,42.0,F,86.0,3,2128.52,709.51,1
1001,Alan Waller,clarkdeborah@example.net,2019-03-14,Chicago,USA,63.0,F,277.0,3,4157.25,1385.75,1
1002,Ryan Garrison,christophercarrillo@example.org,2021-08-27,Sydney,Australia,26.0,F,148.0,5,6490.41,1298.08,1
1003,Alex Martin,joannewallace@example.com,2022-07-02,Melbourne,Australia,34.0,F,548.0,2,655.96,327.98,1
1004,Scott Richards,kennethgallegos@example.com,2020-07-23,Singapore,Singapore,24.0,F,251.0,2,974.54,487.27,1
1005,Adam Mccoy,fpetty@example.net,2019-08-17,Melbourne,Australia,27.0,M,14.0,1,1502.71,1502.71,1
1006,Monique Duarte,freemantodd@example.net,2023-07-13,London,UK,32.0,F,368.0,3,4162.97,1387.66,1
1007,Taylor Stein,dhall@example.net,2023-11-01,Munich,Germany,37.0,M,115.0,2,2872.09,1436.04,1
1008,Kenneth Tran,patricia67@example.org,2019-11-12,Mumbai,India,64.0,F,277.0,4,2001.37,500.34,1
1009,Todd Reed DDS,martinjessica@example.com,2023-01-26,Berlin,Germany,26.0,F,162.0,3,3908.53,1302.84,1
1010,David Robinson,sandra72@example.com,2020-06-25,Sydney,Australia,19.0,F,1651.0,0,0.0,0.0,0
1011,Jeanette Butler,laura29@example.org,2024-04-26,Melbourne,Australia,30.0,M,232.0,1,2840.58,2840.58,1
1012,Paul Estrada,glenmoore@example.com,2021-12-22,Chicago,USA,16.0,F,390.0,3,8314.72,2771.57,1
1013,Jason Chaney,jimmy80@example.org,2024-05-23,London,UK,59.0,M,17.0,1,909.64,909.64,1
1014,Dean Rhodes,mariakline@example.org,2024-05-12,London,UK,55.0,F,121.0,2,5388.29,2694.14,1
1015,Gail Wilson,davidwalker@example.com,2023-07-02,Vancouver,Canada,32.0,M,359.0,2,5038.58,2519.29,1
1016,Rachel Hammond PhD,paula89@example.net,2020-05-10,Melbourne,Australia,65.0,M,179.0,1,1157.49,1157.49,1
1017,Anthony Shah,westes@example.org,2020-10-03,Chicago,USA,16.0,F,1551.0,0,0.0,0.0,0
1018,Rachael Lynch,colonbobby@example.org,2021-12-11,Los Angeles,USA,59.0,F,1117.0,0,0.0,0.0,0
1019,Bruce Harris,eric47@example.net,2019-03-11,Toronto,Canada,55.0,M,693.0,1,1062.15,1062.15,1
1020,Dr. Christian Cox PhD,allisonscott@example.com,2020-03-20,Mumbai,India,56.0,F,1748.0,0,0.0,0.0,0
1021,Adriana Davenport,gpeterson@example.org,2019-09-24,Paris,France,58.0,M,305.0,1,2084.83,2084.83,1
1022,Jaime Fischer,crystal32@example.net,2024-01-10,Chicago,USA,60.0,M,53.0,2,3087.78,1543.89,1
1023,Darren Pham,dhardin@example.net,2022-08-01,Los Angeles,USA,75.0,M,301.0,4,3171.22,792.8,1
1024,Heidi Johnson,kaylarobbins@example.net,2023-04-26,Sydney,Australia,32.0,M,616.0,0,0.0,0.0,0
1025,Angela Edwards,ryanlong@example.org,2021-03-06,Manchester,UK,19.0,F,154.0,1,2477.38,2477.38,1
1026,Margaret Orr,levinetina@example.net,2021-10-04,Los Angeles,USA,55.0,F,165.0,3,733.74,244.58,1
1027,Valerie Barnes,jennifer55@example.org,2023-04-24,Munich,Germany,29.0,F,77.0,1,456.96,456.96,1
1028,Stephanie Bishop,isabellagriffin@example.org,2019-07-31,Vancouver,Canada,20.0,M,1009.0,1,261.45,261.45,1
1029,Lori Montgomery,zterry@example.net,2024-01-11,,USA,25.0,F,356.0,0,0.0,0.0,0
1030,Craig Turner,medinapeter@example.net,2020-06-29,Manchester,UK,60.0,F,114.0,5,4710.27,942.05,1
1031,Beth Braun,jason88@example.com,2024-04-08,Melbourne,Australia,46.0,M,102.0,3,2322.4,774.13,1
1032,Nicole Moore,zamoraamber@example.com,2019-05-24,Singapore,Singapore,,M,886.0,2,1537.83,768.92,1
1033,Raymond Barber,dennismckenzie@example.com,2019-09-06,Berlin,Germany,50.0,M,1944.0,0,0.0,0.0,0
1034,Heather Williams,westashley@example.org,2019-04-24,Manchester,UK,57.0,,561.0,1,2916.68,2916.68,1
1035,William Trujillo,michaelmitchell@example.net,2023-09-19,Los Angeles,USA,64.0,F,132.0,4,2888.69,722.17,1
1036,Brenda Gray,danielblack@example.org,2024-06-04,New York,USA,58.0,M,92.0,3,2410.41,803.47,1
1037,Heather Garcia,fpoole@example.org,2022-11-11,Sydney,Australia,47.0,M,44.0,1,1023.64,1023.64,1
1038,Stephen Alvarez,rmiller@example.net,2019-03-15,Chicago,USA,17.0,M,182.0,3,2124.21,708.07,1
1039,Justin Maxwell,breanna67@example.net,2023-06-12,Los Angeles,USA,57.0,M,58.0,2,3549.49,1774.74,1
1040,Katherine Mcpherson,drewmartinez@example.net,2024-06-02,Berlin,Germany,18.0,M,26.0,2,2632.53,1316.26,1
1041,Walter Palmer,bensonstanley@example.org,2019-08-31,Manchester,UK,67.0,Other,95.0,2,3068.05,1534.02,1
1042,Terry Wood,guzmanricky@example.org,2023-11-26,Mumbai,India,25.0,F,34.0,1,1174.56,1174.56,1
1043,Dylan Mills,watsonvickie@example.com,2019-10-17,Melbourne,Australia,,M,135.0,3,1661.64,553.88,1
1044,Alfred Thomas,twilliams@example.com,2022-12-07,Toronto,Canada,,M,86.0,6,5293.82,882.3,1
1045,Robert Burns,kelleycarlos@example.org,2023-06-14,Mumbai,India,45.0,F,567.0,0,0.0,0.0,0
1046,Kenneth Knight,kimberly79@example.org,2019-08-06,Mumbai,India,47.0,F,451.0,1,274.11,274.11,1
1047,Kathy Murray,jcontreras@example.net,2021-05-22,Toronto,Canada,67.0,F,1320.0,0,0.0,0.0,0
1048,Robert Beck,zhughes@example.com,2024-06-21,Los Angeles,USA,50.0,M,83.0,3,3217.6,1072.53,1
1049,Tina Wu,debbie20@example.net,2019-04-04,Singapore,Singapore,27.0,F,765.0,3,3080.13,1026.71,1
1050,Patricia Parker,schneiderchristopher@example.net,2019-12-11,Manchester,UK,51.0,M,356.0,3,2712.34,904.11,1
1051,Nina Bernard,karenshaw@example.org,2019-07-24,Chicago,USA,55.0,M,1054.0,1,1313.8,1313.8,1
1052,Timothy White,hilljamie@example.net,2019-01-14,Los Angeles,USA,27.0,M,356.0,4,4774.84,1193.71,1
1053,Lauren Miller,richard07@example.org,2021-05-02,Vancouver,Canada,60.0,F,557.0,1,43.35,43.35,1
1054,Christopher Johnson,patrick11@example.org,2021-04-23,Berlin,Germany,27.0,F,676.0,1,103.53,103.53,1
1055,Dominique White,moorestephanie@example.net,2022-06-07,Berlin,Germany,56.0,F,939.0,0,0.0,0.0,0
1056,Lucas Nguyen,reeveskenneth@example.org,2020-04-27,Munich,Germany,23.0,M,606.0,1,4561.52,4561.52,1
1057,Jason Nguyen,hdavid@example.org,2023-04-08,Mumbai,India,48.0,M,465.0,2,2641.24,1320.62,1
1058,Paul Willis,gromero@example.com,2019-04-19,Vancouver,Canada,23.0,,479.0,4,5774.73,1443.68,1
1059,Debra Flores,bjones@example.com,2021-10-15,Berlin,Germany,26.0,M,368.0,1,590.85,590.85,1
1060,Susan Smith,sanchezangela@example.org,2020-03-05,Vancouver,Canada,32.0,M,525.0,2,1370.51,685.26,1
1061,Jason Miller,kristathomas@example.net,2019-08-02,New York,USA,75.0,F,1979.0,0,0.0,0.0,0
1062,Dr. Kimberly Henderson,dwilliams@example.net,2019-08-26,Munich,Germany,73.0,M,91.0,1,701.11,701.11,1
1063,William Smith,qnelson@example.net,2020-02-12,Manchester,UK,30.0,F,43.0,1,1556.87,1556.87,1
1064,Gregory Chen,brandon89@example.org,2021-04-24,Melbourne,Australia,40.0,M,137.0,4,5678.19,1419.55,1
1065,James Martinez,jessicalutz@example.com,2023-12-29,New York,USA,25.0,F,369.0,0,0.0,0.0,0
1066,Jonathan Pham,cynthia74@example.org,2019-10-07,London,UK,62.0,F,79.0,4,6429.68,1607.42,1
1067,Erica Clark,allen20@example.net,2019-09-18,London,UK,60.0,F,425.0,1,13474.65,13474.65,1
1068,Steven Chambers,speters@example.net,2021-07-28,Berlin,Germany,26.0,F,64.0,3,2596.26,865.42,1
1069,James Miller PhD,ryanpatricia@example.net,2023-06-05,Chicago,USA,55.0,M,576.0,0,0.0,0.0,0
1070,Caleb Stanton,wcarey@example.com,2019-06-27,Toronto,Canada,70.0,F,23.0,5,3458.97,691.79,1
1071,Randy Terry,martinezmitchell@example.org,2023-09-11,Berlin,Germany,,M,478.0,0,0.0,0.0,0
1072,Daniel Smith,erin53@example.org,2020-11-01,Toronto,Canada,53.0,Other,872.0,1,315.41,315.41,1
1073,Lori Stokes,jimsnyder@example.com,2022-03-20,Bangkok,Thailand,42.0,M,60.0,3,3515.9,1171.97,1
1074,Johnathan Padilla,adrianjoyce@example.net,2021-10-29,Singapore,Singapore,43.0,M,148.0,2,2088.19,1044.1,1
1075,Sergio Carroll,mjackson@example.net,2019-07-20,Mumbai,India,47.0,F,75.0,3,14332.33,4777.44,1
1076,Megan Morrison,cameronanderson@example.org,2021-04-12,Melbourne,Australia,24.0,,582.0,3,1345.41,448.47,1
1077,Timothy Foley,james08@example.net,2021-09-09,New York,USA,26.0,M,166.0,2,3212.73,1606.36,1
1078,Justin Gibson,pdavidson@example.org,2024-06-22,New York,USA,45.0,F,93.0,1,1974.03,1974.03,1
1079,Erica Richard,rhill@example.net,2023-11-20,Singapore,Singapore,56.0,M,83.0,2,1543.83,771.92,1
1080,Isaiah Blake,brandonhull@example.net,2021-02-27,Los Angeles,USA,,F,1404.0,0,0.0,0.0,0
1081,Aaron Lee,beardlindsey@example.net,2022-01-15,Paris,France,66.0,M,346.0,3,5796.63,1932.21,1
1082,Michael Rosario,jamesmurphy@example.org,2023-02-15,London,UK,48.0,M,144.0,2,1718.98,859.49,1
1083,Anne Castillo,watkinsconnie@example.com,2021-02-23,Los Angeles,USA,45.0,F,1408.0,0,0.0,0.0,0
1084,Danielle Wells,marissa58@example.org,2022-12-14,Munich,Germany,51.0,,676.0,1,1649.21,1649.21,1
1085,Patricia Harvey,garrettbeth@example.org,2022-01-10,Toronto,Canada,57.0,M,23.0,6,9323.28,1553.88,1
1086,Sydney Bennett,pattonbryan@example.com,2020-03-05,Melbourne,Australia,36.0,M,559.0,1,1418.17,1418.17,1
1087,Leslie Reynolds,byrdanita@example.com,2019-04-22,Vancouver,Canada,39.0,M,2081.0,0,0.0,0.0,0
1088,Jennifer Williamson,mhall@example.net,2021-08-20,Los Angeles,USA,59.0,F,527.0,1,862.37,862.37,1
1089,Jody Marshall,nhobbs@example.org,2023-06-27,London,UK,28.0,F,554.0,0,0.0,0.0,0
1090,Timothy Logan,lholmes@example.org,2020-01-02,Bangkok,Thailand,20.0,M,771.0,1,274.11,274.11,1
1091,Adam Reeves,rebeccamartinez@example.net,2019-11-05,,Germany,49.0,F,967.0,1,1275.95,1275.95,1
1092,Jason Hardy,ilopez@example.org,2022-01-13,Sydney,Australia,46.0,M,132.0,6,2925.01,487.5,1
1093,Eric Graham,larry82@example.org,2020-01-23,Vancouver,Canada,17.0,Other,87.0,3,2099.57,699.86,1
1094,Larry Carter,holmesdiane@example.org,2020-11-18,Sydney,Australia,53.0,F,172.0,3,4789.14,1596.38,1
1095,Jonathon Conley,hendersonjames@example.org,2022-09-25,Paris,France,69.0,M,750.0,1,855.68,855.68,1
1096,Christina Jones,elizabethneal@example.com,2023-06-05,Bangkok,Thailand,26.0,F,148.0,1,372.49,372.49,1
1097,Erin Lane,christina65@example.org,2023-04-26,Vancouver,Canada,25.0,F,270.0,5,7200.05,1440.01,1
1098,Shawn Lozano,arobinson@example.net,2019-11-26,Bangkok,Thailand,34.0,M,400.0,1,12287.76,12287.76,1
1099,David Hanson,timothytate@example.com,2022-09-26,Bangkok,Thailand,26.0,F,89.0,4,4617.64,1154.41,1
1100,Jamie Ross,coxcharles@example.org,2021-06-21,Chicago,USA,39.0,F,3.0,6,6659.58,1109.93,1
1101,Brenda Alexander,bradley03@example.org,2024-06-25,London,UK,25.0,F,39.0,2,2021.03,1010.52,1
1102,Daniel Green,matthewspencer@example.org,2019-09-06,Vancouver,Canada,41.0,Other,347.0,1,1054.1,1054.1,1
1103,Christopher Green,smitherica@example.com,2020-10-17,Bangkok,Thailand,16.0,M,55.0,3,4657.1,1552.37,1
1104,Stacey Morgan,kevinallen@example.com,2022-12-15,Sydney,Australia,46.0,M,10.0,3,11668.38,3889.46,1
1105,Teresa Rowland,ejohns@example.org,2022-09-27,Paris,France,67.0,F,240.0,2,2211.27,1105.64,1
1106,Thomas Norton,amandabenson@example.com,2019-08-19,Melbourne,Australia,,F,38.0,3,1331.38,443.79,1
1107,Vanessa Sanchez,hinesbrenda@example.net,2021-04-02,New York,USA,69.0,F,236.0,2,1782.68,891.34,1
1108,Charles Wright,monique89@example.com,2022-08-06,Paris,France,53.0,M,19.0,4,4290.88,1072.72,1
1109,Brad Ruiz,jacksonpaul@example.net,2019-02-16,Toronto,Canada,50.0,,78.0,4,1824.07,456.02,1
1110,Jacqueline Stone,marcbrooks@example.net,2021-03-18,Munich,Germany,47.0,Other,1385.0,0,0.0,0.0,0
1111,Dr. John Perkins,clarkpatricia@example.com,2022-09-27,Bangkok,Thailand,41.0,F,83.0,3,4687.66,1562.55,1
1112,Jennifer Torres,xduncan@example.com,2019-01-25,London,UK,38.0,M,372.0,1,364.99,364.99,1
1113,Brandy Miller,ostone@example.net,2020-03-17,Los Angeles,USA,63.0,F,610.0,1,765.54,765.54,1
1114,Jose Rogers,amcdonald@example.com,2023-01-30,Singapore,Singapore,62.0,M,145.0,3,2231.71,743.9,1
1115,Emily Reyes,scottbaker@example.org,2019-10-22,Los Angeles,USA,35.0,,14.0,4,4014.21,1003.55,1
1116,Bradley Kirby,hartmansara@example.org,2024-03-26,,USA,64.0,M,12.0,2,1121.2,560.6,1
1117,Isaac Payne,james54@example.com,2021-04-28,Vancouver,Canada,51.0,M,509.0,2,1842.72,921.36,1
1118,Patricia Bruce,janicebolton@example.net,2020-01-16,Toronto,Canada,34.0,M,321.0,2,4181.46,2090.73,1
1119,Susan Smith,juan56@example.com,2022-04-13,Mumbai,India,47.0,F,115.0,1,583.53,583.53,1
1120,Norma Smith,michelleperez@example.net,2019-11-12,New York,USA,35.0,M,659.0,3,4221.39,1407.13,1
1121,Kara Black,dsharp@example.com,2022-09-25,Sydney,Australia,42.0,M,250.0,1,631.35,631.35,1
1122,Emily Lopez,cclark@example.net,2019-09-02,New York,USA,47.0,M,431.0,1,829.94,829.94,1
1123,Charles Russo,sherry07@example.net,2021-09-11,Paris,France,43.0,M,30.0,2,2134.22,1067.11,1
1124,Gina Barnes,sfarmer@example.net,2023-08-03,Melbourne,Australia,39.0,M,80.0,3,4398.79,1466.26,1
1125,Kevin Bradley,weekseric@example.com,2022-04-06,Chicago,USA,25.0,F,602.0,2,2642.5,1321.25,1
1126,Rebecca Mcintyre,nbaird@example.com,2019-04-19,Chicago,USA,39.0,F,59.0,3,10401.83,3467.28,1
1127,James Wells,ashley74@example.org,2020-08-20,Vancouver,Canada,56.0,M,551.0,4,32120.47,8030.12,1
1128,Michael Thompson,ocampbell@example.com,2023-04-16,Chicago,USA,54.0,M,71.0,2,3099.24,1549.62,1
1129,Andrea Brown,jacksonmichele@example.com,2023-09-27,Mumbai,India,33.0,F,158.0,3,1915.49,638.5,1
1130,William Anderson,emendoza@example.com,2020-12-21,Paris,France,16.0,M,1472.0,0,0.0,0.0,0
1131,Sharon Anderson,kylemeyers@example.net,2020-11-27,Manchester,UK,22.0,M,152.0,4,3827.45,956.86,1
1132,Larry Crosby,waynecohen@example.com,2024-01-12,Singapore,Singapore,55.0,M,73.0,1,1470.36,1470.36,1
1133,William Griffin,pjacobs@example.net,2022-02-02,Melbourne,Australia,42.0,M,391.0,3,3205.78,1068.59,1
1134,Keith Henry,vjohnston@example.org,2019-02-05,Bangkok,Thailand,38.0,M,295.0,3,2490.42,830.14,1
1135,Stanley Bryant,peter26@example.org,2022-05-08,Bangkok,Thailand,64.0,F,25.0,2,1870.54,935.27,1
1136,Luke Reynolds,lbartlett@example.net,2023-07-27,Melbourne,Australia,30.0,M,1.0,2,2463.55,1231.78,1
1137,Jennifer Bautista,nicolemoore@example.net,2019-09-14,Vancouver,Canada,24.0,M,578.0,2,1241.14,620.57,1
1138,Mary Jones,reginajenkins@example.net,2019-06-09,Los Angeles,USA,65.0,F,665.0,3,6116.88,2038.96,1
1139,Jacob Campos,robert24@example.org,2023-06-13,New York,USA,,F,568.0,0,0.0,0.0,0
1140,Julia Jones,vjames@example.com,2020-09-09,Los Angeles,USA,64.0,M,1575.0,0,0.0,0.0,0
1141,Jennifer Smith,fletcherderek@example.net,2024-01-20,,France,27.0,F,310.0,1,2473.67,2473.67,1
1142,Kari Jones,jenniferkim@example.com,2024-04-12,Melbourne,Australia,53.0,M,2.0,3,3950.08,1316.69,1
1143,Sarah Jackson,lawsongregory@example.org,2022-06-09,Melbourne,Australia,48.0,M,444.0,1,274.72,274.72,1
1144,Jeanne Jones,byrderic@example.com,2021-12-19,New York,USA,61.0,M,369.0,2,2201.21,1100.6,1
1145,Miguel Stafford,scottwilliams@example.net,2019-01-09,Munich,Germany,75.0,M,79.0,3,3513.33,1171.11,1
1146,Margaret Moran,myerskyle@example.org,2022-11-30,London,UK,27.0,F,209.0,2,2009.09,1004.54,1
1147,Amber Bennett,sarahbrooks@example.org,2021-02-16,London,UK,29.0,M,659.0,1,653.83,653.83,1
1148,Alan Johnson,rogersjames@example.net,2019-09-11,London,UK,23.0,F,181.0,3,2742.34,914.11,1
1149,Tyler Davis,jenniferwilliams@example.net,2022-02-15,Vancouver,Canada,21.0,F,116.0,3,2829.4,943.13,1
1150,Gabriel Hart,colleenvilla@example.com,2023-02-16,Paris,France,59.0,M,33.0,2,3028.2,1514.1,1
1151,Barbara Lewis,marcus06@example.net,2023-10-18,Vancouver,Canada,28.0,M,27.0,4,3992.4,998.1,1
1152,James Ellis,barrettjoshua@example.net,2021-01-22,Sydney,Australia,16.0,F,1440.0,0,0.0,0.0,0
1153,Austin Robinson,katrina71@example.net,2021-12-06,Berlin,Germany,59.0,F,811.0,1,250.44,250.44,1
1154,Wanda Jefferson,johnathandavis@example.com,2024-06-25,Paris,France,63.0,F,1.0,5,2547.36,509.47,1
1155,Miss Megan Compton,martinreid@example.net,2020-11-24,Toronto,Canada,54.0,F,316.0,3,3034.49,1011.5,1
1156,Samuel Olson,andres97@example.com,2023-01-25,Manchester,UK,33.0,M,522.0,1,2929.71,2929.71,1
1157,Natalie Gordon,hallchristina@example.org,2023-06-05,Singapore,Singapore,41.0,,576.0,0,0.0,0.0,0
1158,Oscar Todd,brownnicholas@example.com,2021-11-13,Berlin,Germany,25.0,F,805.0,4,6932.35,1733.09,1
1159,James May,sandrageorge@example.com,2020-04-17,Berlin,Germany,,M,209.0,1,2052.01,2052.01,1
1160,Erin Ramirez,meyertiffany@example.net,2022-10-20,Berlin,Germany,27.0,F,24.0,3,1229.86,409.95,1
1161,Nicole Perez,matthew38@example.org,2022-06-30,Paris,France,64.0,M,391.0,1,567.69,567.69,1
1162,Mary Wright,cathyjames@example.com,2021-08-12,Singapore,Singapore,34.0,F,517.0,2,2257.33,1128.66,1
1163,Mark Brown,mjones@example.org,2023-07-16,London,UK,,,275.0,2,2126.4,1063.2,1
1164,Brenda Harris,thompsonana@example.org,2024-02-17,Bangkok,Thailand,40.0,F,229.0,1,855.46,855.46,1
1165,Blake Hardy,frank33@example.com,2019-03-09,New York,USA,51.0,M,363.0,1,54.35,54.35,1
1166,David Mitchell,mfaulkner@example.com,2021-10-03,Chicago,USA,24.0,M,541.0,2,4382.7,2191.35,1
1167,Karen Tapia,raymond27@example.com,2022-10-14,Paris,France,58.0,M,2.0,5,6342.37,1268.47,1
1168,Leon Hamilton,lorileon@example.org,2023-10-16,Munich,Germany,,M,410.0,1,2525.0,2525.0,1
1169,Jessica Miller,brooke28@example.net,2022-06-17,Manchester,UK,65.0,F,307.0,1,2151.93,2151.93,1
1170,James Torres,nicholas97@example.org,2019-09-20,New York,USA,38.0,M,925.0,1,473.03,473.03,1
1171,Miguel Gonzalez,adamhensley@example.net,2020-11-29,Sydney,Australia,22.0,F,132.0,5,6186.25,1237.25,1
1172,Katherine Frost,xwaller@example.com,2022-09-16,New York,USA,31.0,F,266.0,2,1653.23,826.62,1
1173,Martin Chapman MD,riddledavid@example.net,2019-05-15,,Australia,23.0,F,180.0,5,3742.34,748.47,1
1174,Phillip Krueger,william75@example.net,2022-09-09,Berlin,Germany,52.0,F,3.0,3,1401.36,467.12,1
1175,James Coleman,johnjohnson@example.com,2022-04-19,Berlin,Germany,36.0,M,723.0,2,1165.78,582.89,1
1176,Megan Terry,josegibson@example.net,2021-09-27,Singapore,Singapore,60.0,M,542.0,2,1575.58,787.79,1
1177,David Lane,alexanderwise@example.net,2022-09-28,Singapore,Singapore,26.0,F,655.0,1,126.53,126.53,1
1178,Janice Mccarthy,stonejacob@example.com,2022-07-25,Berlin,Germany,69.0,F,854.0,1,629.16,629.16,1
1179,Jeffery Holt,uwillis@example.com,2022-03-20,Vancouver,Canada,67.0,F,653.0,4,2787.86,696.96,1
1180,Tammy Booth,fieldskimberly@example.com,2022-03-30,Mumbai,India,53.0,M,140.0,5,42127.62,8425.52,1
1181,Debra Clark,ahale@example.org,2021-05-24,Berlin,Germany,38.0,F,299.0,2,1443.53,721.76,1
1182,April Jones,pwarren@example.com,2020-09-06,Singapore,Singapore,58.0,F,252.0,4,5757.64,1439.41,1
1183,Carolyn Brooks,jameswhite@example.org,2021-11-21,Paris,France,58.0,F,7.0,2,1698.72,849.36,1
1184,Robert Lopez,bradylisa@example.org,2021-11-23,Melbourne,Australia,52.0,M,450.0,2,3260.22,1630.11,1
1185,Steven Ortiz,oneillgabriel@example.com,2020-07-02,Berlin,Germany,50.0,M,910.0,1,721.43,721.43,1
1186,Caleb Brown,richardstimothy@example.net,2022-03-05,Bangkok,Thailand,19.0,F,153.0,2,2303.77,1151.88,1
1187,Alexandra Adams,ortegakristina@example.org,2023-03-09,Chicago,USA,70.0,M,163.0,3,6051.98,2017.33,1
1188,Joseph Smith,sarah75@example.net,2022-07-22,Los Angeles,USA,70.0,M,135.0,4,5536.21,1384.05,1
1189,Jacob Wu,lisa56@example.com,2022-11-07,Vancouver,Canada,31.0,F,545.0,1,727.02,727.02,1
1190,Vanessa Marks,smithmonica@example.com,2023-06-21,Toronto,Canada,45.0,F,74.0,4,1214.06,303.52,1
1191,Stacy Taylor,meltonjoshua@example.net,2019-03-17,,Thailand,26.0,M,76.0,1,217.73,217.73,1
1192,Danielle Hayes,qrobertson@example.org,2022-09-10,Vancouver,Canada,27.0,M,198.0,2,1985.3,992.65,1
1193,Mark Mcmahon,allen50@example.net,2019-02-10,Singapore,Singapore,71.0,F,238.0,1,1636.6,1636.6,1
1194,Jeremy Lawson,ystevenson@example.org,2024-01-19,Los Angeles,USA,73.0,F,2.0,2,1866.58,933.29,1
1195,Todd David,shatfield@example.org,2023-01-23,Mumbai,India,31.0,Other,709.0,0,0.0,0.0,0
1196,Elizabeth Lee,mollywalter@example.net,2022-09-22,Munich,Germany,65.0,M,122.0,1,594.99,594.99,1
1197,Bethany Robles,marisa87@example.org,2022-05-13,Toronto,Canada,65.0,M,668.0,1,502.9,502.9,1
1198,Tina Olson,johnjackson@example.net,2023-07-09,Manchester,UK,75.0,F,31.0,4,4664.72,1166.18,1
1199,Ashley Holder,martinsarah@example.com,2021-06-19,Vancouver,Canada,32.0,M,253.0,4,10990.19,2747.55,1
1200,Connie Scott,qlynn@example.org,2024-04-26,Melbourne,Australia,36.0,F,207.0,1,629.68,629.68,1
1201,Tammy Schultz,sdavis@example.com,2023-12-07,Vancouver,Canada,39.0,F,61.0,2,3484.06,1742.03,1
1202,Tara Miranda,schneidernicholas@example.net,2024-06-03,Sydney,Australia,18.0,Other,212.0,0,0.0,0.0,0
1203,Molly Valdez,ostokes@example.com,2024-02-22,Melbourne,Australia,32.0,,177.0,3,2079.15,693.05,1
1204,Brandon Davis,juliewilson@example.com,2024-01-24,London,UK,50.0,F,159.0,2,1357.55,678.78,1
1205,Erik James,collinsbrittany@example.org,2024-05-21,Bangkok,Thailand,75.0,F,110.0,2,2718.47,1359.24,1
1206,Veronica Flores,lauren28@example.net,2023-03-30,Mumbai,India,35.0,M,276.0,2,1384.65,692.32,1
1207,Courtney Foster,sstewart@example.org,2020-10-11,Sydney,Australia,42.0,F,638.0,1,2123.47,2123.47,1
1208,Mr. Kyle Thomas DDS,georgekyle@example.net,2024-04-10,Singapore,Singapore,46.0,F,137.0,1,1907.5,1907.5,1
1209,Zachary Mccarthy,nwelch@example.com,2023-12-01,Manchester,UK,68.0,F,397.0,0,0.0,0.0,0
1210,Vincent Brown,eric33@example.net,2022-05-18,Manchester,UK,63.0,M,235.0,5,3098.85,619.77,1
1211,Tammy Parsons,tluna@example.net,2022-08-06,Sydney,Australia,56.0,F,113.0,4,2537.75,634.44,1
1212,Caitlin Smith,rrogers@example.com,2022-07-10,Toronto,Canada,36.0,F,131.0,5,8104.98,1621.0,1
1213,Norma Myers DDS,justin38@example.com,2024-06-08,Melbourne,Australia,64.0,F,3.0,1,687.48,687.48,1
1214,Frank Moody,hornjenna@example.com,2021-07-13,London,UK,71.0,M,177.0,3,5692.24,1897.41,1
1215,Laura Ramos,jcarter@example.org,2020-11-01,Mumbai,India,28.0,F,847.0,1,1898.29,1898.29,1
1216,Paul Moss,coxmelissa@example.org,2024-04-18,,UK,,M,70.0,3,1189.05,396.35,1
1217,Virginia Hernandez,kshelton@example.org,2022-07-07,Paris,France,74.0,F,142.0,4,77530.81,19382.7,1
1218,William White,wilsonzachary@example.com,2019-12-12,Mumbai,India,41.0,F,205.0,4,7589.22,1897.3,1
1219,Tracy Sims,hsanchez@example.org,2019-12-15,London,UK,,M,1844.0,0,0.0,0.0,0
1220,Eric Carlson,denisebennett@example.net,2021-07-18,Bangkok,Thailand,23.0,Other,335.0,2,3215.92,1607.96,1
1221,Megan Davis DDS,phill@example.com,2023-05-21,Mumbai,India,34.0,F,17.0,1,1106.52,1106.52,1
1222,Bryan Miller,gmay@example.org,2022-05-13,Toronto,Canada,68.0,F,964.0,0,0.0,0.0,0
1223,Kenneth Armstrong,heather19@example.org,2023-06-11,Manchester,UK,17.0,M,153.0,7,9543.19,1363.31,1
1224,Zachary Park,ashley15@example.org,2020-05-23,Bangkok,Thailand,53.0,F,42.0,3,868.61,289.54,1
1225,Shannon Medina,bhess@example.com,2023-11-20,Chicago,USA,60.0,F,65.0,3,3017.2,1005.73,1
1226,Kimberly Burnett,lbrown@example.net,2023-02-16,Manchester,UK,32.0,F,543.0,1,166.46,166.46,1
1227,Rachel Martinez,tammymerritt@example.org,2020-04-25,Bangkok,Thailand,74.0,M,1712.0,0,0.0,0.0,0
1228,Melissa Smith,hmcbride@example.org,2022-05-10,Singapore,Singapore,16.0,F,406.0,3,2622.57,874.19,1
1229,Daniel Martin,melissa01@example.org,2022-10-06,Manchester,UK,24.0,M,495.0,1,1372.27,1372.27,1
1230,Heidi Stephens,qrowland@example.org,2019-12-14,Vancouver,Canada,47.0,F,53.0,4,4499.4,1124.85,1
1231,Angel Bautista,donna72@example.net,2022-12-25,London,UK,43.0,F,308.0,2,1447.47,723.74,1
1232,Erik Bartlett DVM,haileybates@example.org,2021-10-19,Chicago,USA,63.0,M,314.0,4,1954.45,488.61,1
1233,Cole Evans,susanguzman@example.org,2022-06-09,Vancouver,Canada,49.0,F,146.0,4,4073.81,1018.45,1
1234,Destiny Daniel,qjones@example.com,2023-04-14,Berlin,Germany,51.0,M,628.0,0,0.0,0.0,0
1235,Steven Ross,duffyerica@example.net,2020-01-22,New York,USA,19.0,F,30.0,2,3451.11,1725.56,1
1236,Dalton Soto,wanda35@example.net,2021-08-14,Melbourne,Australia,23.0,F,1095.0,1,121.19,121.19,1
1237,Samantha Jacobs,uunderwood@example.com,2022-12-23,London,UK,47.0,M,15.0,4,4516.14,1129.04,1
1238,Victor Wright,david18@example.com,2019-09-11,Chicago,USA,21.0,M,106.0,1,316.92,316.92,1
1239,Mark Cox,kimberly23@example.com,2021-11-07,Melbourne,Australia,52.0,M,801.0,3,2847.82,949.27,1
1240,James Novak,ylynn@example.org,2021-12-13,New York,USA,27.0,M,1115.0,0,0.0,0.0,0
1241,Nicholas Parker,wdavis@example.net,2019-07-13,Sydney,Australia,17.0,F,514.0,1,717.84,717.84,1
1242,Diane Nelson,mosleygeorge@example.com,2022-04-24,,UK,69.0,M,281.0,2,3278.19,1639.1,1
1243,Robert Byrd,iwoods@example.com,2022-09-12,Melbourne,Australia,45.0,M,223.0,2,3436.38,1718.19,1
1244,Jose Moore,douglasbradley@example.com,2024-06-09,London,UK,57.0,Other,69.0,3,2663.58,887.86,1
1245,Nicholas Villegas,erikabarnes@example.com,2024-02-01,Melbourne,Australia,24.0,M,57.0,3,9505.74,3168.58,1
1246,William Lindsey,joshua68@example.net,2023-06-23,London,UK,63.0,F,86.0,2,13390.24,6695.12,1
1247,Robin Torres,mezarichard@example.com,2020-06-06,Manchester,UK,31.0,F,477.0,4,2570.32,642.58,1
1248,Madison Jones,shirleymartin@example.org,2020-03-02,Mumbai,India,40.0,M,523.0,1,43.35,43.35,1
1249,Dustin Noble,haydenroger@example.net,2019-11-12,Sydney,Australia,35.0,M,1877.0,0,0.0,0.0,0
1250,Breanna Jimenez,sullivanchristina@example.net,2024-01-25,Vancouver,Canada,24.0,F,127.0,2,928.74,464.37,1
1251,Jeffery Ferguson,john89@example.org,2021-09-29,Toronto,Canada,72.0,M,928.0,1,1904.65,1904.65,1
1252,Traci Craig,gregoryrichardson@example.org,2023-03-30,Los Angeles,USA,67.0,M,62.0,3,2442.18,814.06,1
1253,Tiffany Henderson,hjackson@example.com,2019-03-24,Los Angeles,USA,37.0,M,2110.0,0,0.0,0.0,0
1254,Danielle Ryan,robertstimothy@example.com,2019-11-14,Melbourne,Australia,49.0,F,1044.0,1,1000.99,1000.99,1
1255,Oscar Carroll,sandrahickman@example.net,2019-06-12,Manchester,UK,35.0,M,2030.0,0,0.0,0.0,0
1256,Stephanie Walls,abrown@example.net,2020-05-24,Mumbai,India,43.0,F,374.0,4,2134.04,533.51,1
1257,Edwin Rodriguez,pamela26@example.com,2021-11-17,New York,USA,48.0,M,682.0,1,3235.88,3235.88,1
1258,Jeffrey Gonzalez,robertgentry@example.org,2023-07-23,Paris,France,38.0,M,28.0,2,4060.33,2030.16,1
1259,Matthew Perez,xbrooks@example.com,2023-02-25,Los Angeles,USA,27.0,F,174.0,2,94519.39,47259.7,1
1260,Kimberly Adams,cdouglas@example.org,2023-12-01,Manchester,UK,36.0,M,20.0,4,3692.29,923.07,1
1261,Paul Smith,danielmitchell@example.org,2023-07-13,Paris,France,37.0,F,538.0,0,0.0,0.0,0
1262,Patrick Santana,elizabethvaughan@example.net,2019-06-10,Chicago,USA,32.0,M,661.0,1,1834.96,1834.96,1
1263,Mrs. Katherine Simpson,markduran@example.com,2021-03-19,New York,USA,16.0,M,155.0,6,13842.82,2307.14,1
1264,Tammy Cameron,ganderson@example.org,2022-09-09,Mumbai,India,62.0,,1.0,2,2803.57,1401.78,1
1265,Gregory Smith,brettgallegos@example.com,2022-11-15,London,UK,67.0,F,418.0,4,5065.73,1266.43,1
1266,Nancy Hamilton,justin16@example.org,2023-07-30,Los Angeles,USA,60.0,F,7.0,4,5095.66,1273.92,1
1267,Monica Lopez,katie43@example.net,2019-10-25,Sydney,Australia,31.0,M,76.0,1,999.75,999.75,1
1268,Christina Mccarthy,hayneswayne@example.org,2019-06-26,Toronto,Canada,65.0,F,219.0,2,1726.79,863.4,1
1269,Scott Fuller,jeromeanderson@example.org,2024-01-23,Chicago,USA,63.0,M,18.0,4,6020.41,1505.1,1
1270,Corey Thomas,jensenchristopher@example.org,2021-07-09,Mumbai,India,31.0,M,937.0,1,1763.19,1763.19,1
1271,Joseph Graves,jeffreysimmons@example.org,2020-11-14,New York,USA,22.0,,146.0,3,2883.97,961.32,1
1272,Maria Torres,michael56@example.org,2021-10-12,Mumbai,India,54.0,F,237.0,2,1035.84,517.92,1
1273,Anthony Williams,guerreromarc@example.com,2021-09-22,Manchester,UK,53.0,M,70.0,2,460.08,230.04,1
1274,Terry Garcia,johnnyhenry@example.com,2021-09-26,,India,61.0,M,436.0,3,2527.55,842.52,1
1275,Brent Smith,markfigueroa@example.com,2019-05-11,Munich,Germany,73.0,F,130.0,1,596.48,596.48,1
1276,Leah Jacobs,debraclark@example.com,2024-04-06,Paris,France,38.0,F,4.0,2,1165.64,582.82,1
1277,Brian Soto,williamstanya@example.net,2020-01-29,Melbourne,Australia,38.0,M,753.0,1,2275.87,2275.87,1
1278,Cheryl Griffin,jonesamy@example.com,2020-11-25,Sydney,Australia,70.0,F,302.0,2,2915.95,1457.98,1
1279,John Juarez,bradleylee@example.net,2023-01-20,Vancouver,Canada,42.0,M,440.0,2,1089.26,544.63,1
1280,Stephanie Malone,patricia71@example.com,2021-08-25,Singapore,Singapore,55.0,F,669.0,1,551.49,551.49,1
1281,Jason Velazquez,jacksonjoshua@example.org,2019-09-22,Berlin,Germany,28.0,M,16.0,2,1048.93,524.46,1
1282,Tyler Brown,joysanders@example.net,2020-09-13,Berlin,Germany,29.0,F,836.0,1,2060.4,2060.4,1
1283,Kayla Jones,ychristensen@example.net,2021-01-01,Vancouver,Canada,27.0,F,432.0,1,1135.22,1135.22,1
1284,Jennifer Nelson,adamarmstrong@example.net,2020-11-22,Los Angeles,USA,23.0,F,264.0,2,2535.56,1267.78,1
1285,Sherry Gibbs,ugordon@example.net,2020-11-27,Vancouver,Canada,,F,114.0,2,1561.08,780.54,1
1286,Samuel Phillips,andrea23@example.org,2023-10-14,Chicago,USA,54.0,Other,44.0,2,1066.3,533.15,1
1287,Dorothy Bowman,sara40@example.net,2023-06-25,Berlin,Germany,69.0,M,33.0,3,3135.63,1045.21,1
1288,Wanda Clark,smithmichael@example.net,2023-05-21,Paris,France,68.0,F,591.0,0,0.0,0.0,0
1289,Erika Potts,jennifer69@example.com,2023-11-19,Los Angeles,USA,74.0,M,147.0,1,1524.74,1524.74,1
1290,Anthony Cabrera,jeffrey42@example.com,2021-11-02,Singapore,Singapore,62.0,F,772.0,2,4294.44,2147.22,1
1291,Kimberly Irwin,sharphailey@example.net,2019-10-10,Mumbai,India,70.0,M,5.0,2,1757.71,878.86,1
1292,Mark Munoz,lisawalker@example.com,2020-05-17,New York,USA,37.0,F,485.0,2,1623.17,811.58,1
1293,Mark Garrison,omoore@example.net,2023-03-26,Melbourne,Australia,39.0,M,647.0,0,0.0,0.0,0
1294,Jackie Barrera,crawfordstephen@example.org,2021-05-13,Munich,Germany,24.0,F,1329.0,0,0.0,0.0,0
1295,John Blair,andrew22@example.com,2024-05-03,Berlin,Germany,66.0,F,106.0,1,150.1,150.1,1
1296,Chelsea Thomas,psanchez@example.com,2019-01-21,Singapore,Singapore,20.0,,2172.0,0,0.0,0.0,0
1297,Joseph Acosta,morrisonnicholas@example.org,2021-06-07,Chicago,USA,41.0,M,668.0,1,1189.7,1189.7,1
1298,Adam Rivas,andersonkayla@example.com,2022-03-22,Bangkok,Thailand,56.0,M,952.0,1,1571.26,1571.26,1
1299,Mark Smith,rosariodaniel@example.net,2021-05-08,Vancouver,Canada,72.0,F,653.0,3,2763.51,921.17,1
1300,Sarah Miller,timothyhart@example.com,2020-10-04,Melbourne,Australia,16.0,M,61.0,3,2867.59,955.86,1
1301,Elizabeth Mendoza,brianholt@example.net,2022-12-05,Chicago,USA,44.0,M,758.0,0,0.0,0.0,0
1302,Alisha Williams,curtis62@example.org,2022-08-28,Paris,France,60.0,M,722.0,1,277.92,277.92,1
1303,Allison Simmons,tmcdaniel@example.org,2020-02-09,Singapore,Singapore,,M,523.0,1,156.75,156.75,1
1304,William Walker DVM,michael95@example.org,2023-12-07,Melbourne,Australia,49.0,F,252.0,2,2502.72,1251.36,1
1305,Tim Miller,munozgregory@example.net,2020-10-01,Munich,Germany,37.0,F,260.0,3,2582.03,860.68,1
1306,Christopher Coleman,colleen45@example.org,2022-01-10,Singapore,Singapore,32.0,M,244.0,2,1897.8,948.9,1
1307,Jonathan Wood,lisa10@example.org,2019-08-15,Munich,Germany,69.0,F,178.0,4,5054.57,1263.64,1
1308,Bridget Hernandez,ygriffith@example.com,2023-03-30,New York,USA,23.0,F,439.0,1,1522.62,1522.62,1
1309,Ashley Simmons,duane52@example.org,2020-04-28,London,UK,52.0,M,85.0,7,8799.09,1257.01,1
1310,Heather Snyder,asteele@example.net,2022-05-04,Mumbai,India,38.0,M,157.0,2,1490.16,745.08,1
1311,Felicia Pham,patrickdunn@example.net,2022-10-09,Paris,France,61.0,F,815.0,0,0.0,0.0,0
1312,Kim Underwood,tmiller@example.com,2022-04-07,Munich,Germany,68.0,F,431.0,4,6380.35,1595.09,1
1313,Paula Shepherd,jacquelineyoung@example.org,2023-08-24,Manchester,UK,21.0,F,267.0,3,3779.21,1259.74,1
1314,Samuel Cox,hrosario@example.org,2021-07-02,Toronto,Canada,39.0,M,5.0,2,849.09,424.54,1
1315,Heather Atkinson,kenneththomas@example.net,2021-03-19,Singapore,Singapore,53.0,F,714.0,3,3445.52,1148.51,1
1316,Susan Sanchez,briantaylor@example.net,2024-04-25,Bangkok,Thailand,62.0,F,25.0,5,40678.11,8135.62,1
1317,Jamie Johnson,swatson@example.org,2021-09-19,Chicago,USA,24.0,M,481.0,1,1502.08,1502.08,1
1318,Angela Monroe,anthonydiaz@example.org,2020-03-11,Melbourne,Australia,,M,254.0,2,1372.29,686.14,1
1319,Adam Guerra,lhernandez@example.com,2024-05-03,Bangkok,Thailand,54.0,F,243.0,0,0.0,0.0,0
1320,Nicole Hale,theodore57@example.net,2019-03-24,Vancouver,Canada,25.0,F,2110.0,0,0.0,0.0,0
1321,Donna Moore,munozglenn@example.org,2021-09-22,Vancouver,Canada,66.0,F,1006.0,1,171.89,171.89,1
1322,Ronnie Frazier,qspencer@example.net,2024-01-06,Bangkok,Thailand,72.0,M,329.0,1,551.29,551.29,1
1323,Michelle Henderson,josephdavis@example.com,2019-09-08,New York,USA,38.0,M,412.0,1,1339.8,1339.8,1
1324,Beth Lewis,robinsonisaiah@example.net,2022-03-04,Vancouver,Canada,73.0,M,178.0,4,1208.42,302.1,1
1325,Lisa Jones,pwoods@example.net,2022-05-25,Mumbai,India,64.0,M,215.0,2,5479.7,2739.85,1
1326,James Brown,deborah34@example.org,2021-07-08,Sydney,Australia,71.0,M,1273.0,0,0.0,0.0,0
1327,Jack Maxwell,anthony42@example.net,2021-04-18,Paris,France,30.0,F,488.0,3,1760.83,586.94,1
1328,Daniel Smith,jacob30@example.org,2023-12-28,Sydney,Australia,63.0,F,37.0,2,16598.56,8299.28,1
1329,William Cunningham,uwilliams@example.org,2022-03-17,New York,USA,66.0,M,1021.0,0,0.0,0.0,0
1330,Alejandra Kelly,susan83@example.com,2022-02-19,Sydney,Australia,28.0,M,838.0,2,9654.74,4827.37,1
1331,Molly Dickson,riverapeggy@example.net,2021-12-04,Paris,France,64.0,F,352.0,2,3869.08,1934.54,1
1332,Robert Hernandez,cwoods@example.com,2021-12-25,Bangkok,Thailand,17.0,M,273.0,1,1496.86,1496.86,1
1333,Michael Miller,cisnerosjesse@example.org,2023-12-23,Mumbai,India,44.0,F,375.0,0,0.0,0.0,0
1334,Martha Mack,victoriamason@example.net,2019-04-03,Paris,France,71.0,F,731.0,2,1622.16,811.08,1
1335,Kelly Mack,vfloyd@example.com,2023-10-27,New York,USA,36.0,,301.0,2,2368.69,1184.34,1
1336,Scott Jordan,nallen@example.net,2019-12-11,Munich,Germany,25.0,F,211.0,3,3472.68,1157.56,1
1337,Christian Burton,adavis@example.org,2022-10-21,Manchester,UK,19.0,F,706.0,2,2327.42,1163.71,1
1338,Emily Dillon,portershawn@example.org,2020-09-02,New York,USA,22.0,F,974.0,1,852.92,852.92,1
1339,Candice Ramirez,michael12@example.net,2024-04-12,Manchester,UK,19.0,M,2.0,1,715.61,715.61,1
1340,Deanna Kennedy,kathryn72@example.org,2021-11-07,Berlin,Germany,40.0,F,1151.0,0,0.0,0.0,0
1341,Katherine Cox,richard92@example.com,2021-04-13,Munich,Germany,,M,388.0,2,4263.91,2131.96,1
1342,Ryan Crane,christopher68@example.com,2020-07-05,New York,USA,53.0,M,1641.0,0,0.0,0.0,0
1343,Shawn Fleming,figueroajohn@example.net,2019-09-15,Singapore,Singapore,52.0,M,180.0,1,1519.07,1519.07,1
1344,Samuel Roberts,ashleynash@example.org,2023-05-23,Toronto,Canada,39.0,F,589.0,0,0.0,0.0,0
1345,Joel Davis,imcdonald@example.com,2024-05-22,Manchester,UK,,,66.0,2,2280.92,1140.46,1
1346,Christopher Rodriguez,mtate@example.com,2020-08-15,Paris,France,,M,691.0,3,3345.04,1115.01,1
1347,Evan Davies,vlewis@example.com,2020-05-28,Paris,France,38.0,M,497.0,2,70751.17,35375.58,1
1348,Jesse Gardner,huertakim@example.org,2019-04-04,Vancouver,Canada,63.0,F,316.0,1,1225.22,1225.22,1
1349,Heather Jordan,nlewis@example.org,2019-09-09,Melbourne,Australia,62.0,F,671.0,1,1373.7,1373.7,1
1350,Melinda Nelson,christopherjones@example.com,2021-10-30,Paris,France,72.0,F,440.0,1,578.59,578.59,1
1351,Shane Hayes,qwarren@example.com,2022-12-20,Singapore,Singapore,33.0,F,33.0,1,1442.61,1442.61,1
1352,Anthony Jacobson,wpeterson@example.com,2024-05-18,Berlin,Germany,,M,51.0,3,1322.33,440.78,1
1353,Gregory Barnes,ynichols@example.org,2022-05-31,New York,USA,16.0,F,946.0,0,0.0,0.0,0
1354,Jessica Gaines,jmorrow@example.net,2022-11-27,Bangkok,Thailand,64.0,M,283.0,1,429.63,429.63,1
1355,Nathan Lane,mariodowns@example.net,2019-06-08,Sydney,Australia,17.0,F,788.0,1,1532.76,1532.76,1
1356,Nancy Stewart,peggypeck@example.com,2020-12-23,Los Angeles,USA,68.0,M,1470.0,0,0.0,0.0,0
1357,Ashley Cordova,ubaker@example.org,2022-11-28,Singapore,Singapore,23.0,F,336.0,4,39417.3,9854.33,1
1358,Terri Mathews DDS,johnsonjulie@example.org,2023-03-02,Toronto,Canada,64.0,F,577.0,1,205.71,205.71,1
1359,Joshua Martin,nrobinson@example.org,2023-07-30,Los Angeles,USA,56.0,F,285.0,1,2250.35,2250.35,1
1360,Laura Smith,allen48@example.org,2024-06-04,Berlin,Germany,18.0,M,138.0,2,1794.15,897.08,1
1361,Mariah Bryant,ibell@example.com,2019-01-15,Toronto,Canada,68.0,F,311.0,2,3007.35,1503.68,1
1362,Pamela Wilson,stephenbrooks@example.net,2021-10-08,Munich,Germany,51.0,M,77.0,4,7628.33,1907.08,1
1363,Kimberly James,swalters@example.net,2022-03-03,Paris,France,20.0,F,96.0,1,182.56,182.56,1
1364,Susan Garcia,shafferdale@example.net,2022-03-13,Bangkok,Thailand,72.0,F,82.0,1,2777.01,2777.01,1
1365,Timothy Garcia,schultzwesley@example.org,2019-02-17,Sydney,Australia,55.0,F,25.0,2,722.33,361.16,1
1366,Sarah Lewis,harnold@example.org,2022-08-05,Manchester,UK,19.0,M,409.0,2,2897.6,1448.8,1
1367,Tiffany Bell,pgutierrez@example.net,2020-07-15,Manchester,UK,59.0,M,1013.0,3,3420.88,1140.29,1
1368,Jennifer Ayers,williamadams@example.net,2023-12-16,New York,USA,19.0,F,181.0,1,1018.65,1018.65,1
1369,Ryan Pope,anunez@example.com,2021-03-13,New York,USA,37.0,F,455.0,5,13604.04,2720.81,1
1370,Alexander Gibbs,matthew96@example.org,2020-04-07,Melbourne,Australia,20.0,F,408.0,3,4608.09,1536.03,1
1371,Jenna Jensen,zpoole@example.net,2022-07-06,Los Angeles,USA,,F,295.0,2,1168.32,584.16,1
1372,Todd Myers,richardflores@example.org,2022-07-06,Singapore,Singapore,69.0,F,67.0,1,833.8,833.8,1
1373,Brett Owen,welchkristen@example.net,2023-09-01,London,UK,68.0,Other,488.0,0,0.0,0.0,0
1374,Sara Moore,james10@example.com,2022-05-13,Singapore,Singapore,44.0,M,60.0,2,1356.13,678.06,1
1375,Randy Hernandez,armstronganthony@example.net,2024-06-18,Los Angeles,USA,,M,197.0,0,0.0,0.0,0
1376,Jesse Welch,jacob34@example.org,2023-05-22,Los Angeles,USA,19.0,F,314.0,2,1170.83,585.42,1
1377,Danielle Deleon,qtownsend@example.org,2021-06-03,Sydney,Australia,22.0,F,1308.0,0,0.0,0.0,0
1378,Timothy Burton,rodriguezsara@example.org,2021-04-02,Manchester,UK,55.0,M,3.0,2,1075.19,537.6,1
1379,Douglas Kline,jonesmegan@example.org,2022-07-01,Sydney,Australia,45.0,M,2.0,5,6600.91,1320.18,1
1380,John Johnson,tuckerconnie@example.org,2019-07-27,Paris,France,57.0,F,24.0,4,3133.36,783.34,1
1381,Jaime Edwards,lstokes@example.com,2022-04-18,London,UK,22.0,F,330.0,2,10566.82,5283.41,1
1382,Christopher Bradley,wilsonmatthew@example.com,2023-09-18,Singapore,Singapore,73.0,F,39.0,3,11770.51,3923.5,1
1383,Mr. Joshua Moore,sara39@example.org,2021-09-12,Manchester,UK,44.0,F,66.0,5,4524.49,904.9,1
1384,Kelly Hodges,michellewilson@example.org,2020-09-30,Chicago,USA,43.0,F,177.0,3,3548.92,1182.97,1
1385,Charles Miller,josepholson@example.org,2023-12-18,Paris,France,65.0,M,380.0,0,0.0,0.0,0
1386,Juan Phillips,zgraham@example.org,2021-01-25,Vancouver,Canada,49.0,F,1028.0,1,1339.42,1339.42,1
1387,Craig Mathis,suzanne19@example.net,2023-08-05,Munich,Germany,,,107.0,4,4236.75,1059.19,1
1388,Robert Mckay,chamilton@example.com,2024-02-04,Sydney,Australia,66.0,M,41.0,1,1427.1,1427.1,1
1389,Denise Flores,lawsonruben@example.net,2021-08-15,Melbourne,Australia,60.0,,675.0,1,729.04,729.04,1
1390,Steven Weiss,cjackson@example.net,2020-09-05,Paris,France,37.0,M,909.0,1,35.67,35.67,1
1391,Jason Munoz,raymond12@example.com,2021-10-12,New York,USA,,F,150.0,2,2779.14,1389.57,1
1392,Cody Sanchez,dianewatson@example.com,2020-03-12,Paris,France,46.0,F,30.0,2,1915.81,957.9,1
1393,Fernando Smith,jason95@example.org,2021-02-08,Melbourne,Australia,41.0,F,135.0,1,567.09,567.09,1
1394,Janice Guzman,dakotaramirez@example.net,2021-01-02,Los Angeles,USA,51.0,F,34.0,2,3215.23,1607.62,1
1395,Rhonda Powers,bfleming@example.com,2024-02-13,Paris,France,18.0,F,285.0,1,806.36,806.36,1
1396,Christina Williams,rjimenez@example.com,2023-12-19,Toronto,Canada,62.0,F,104.0,1,1166.24,1166.24,1
1397,Jesse Guzman,byoung@example.com,2019-02-14,Toronto,Canada,69.0,M,589.0,1,2272.8,2272.8,1
1398,Richard Johnston,buckjustin@example.com,2021-02-15,Chicago,USA,66.0,F,200.0,4,4036.41,1009.1,1
1399,Joseph Rose,deanna17@example.org,2020-05-06,Berlin,Germany,67.0,M,62.0,3,2199.99,733.33,1
1400,Jennifer Turner,karen61@example.net,2022-06-30,Singapore,Singapore,72.0,M,386.0,2,3814.52,1907.26,1
1401,Katherine Williams,heather77@example.net,2023-06-16,Chicago,USA,28.0,F,565.0,0,0.0,0.0,0
1402,Barbara Brooks,johnsonbrandon@example.org,2024-06-23,Manchester,UK,31.0,M,31.0,2,1373.11,686.56,1
1403,Wyatt Callahan,fperez@example.org,2022-01-01,Mumbai,India,66.0,M,359.0,1,2804.85,2804.85,1
1404,Robin Cabrera,villamiranda@example.com,2023-11-23,Vancouver,Canada,70.0,M,405.0,1,850.7,850.7,1
1405,Amanda Williams,charles59@example.com,2019-06-16,Melbourne,Australia,66.0,M,268.0,3,1307.51,435.84,1
1406,Christopher Taylor,uwilson@example.org,2023-12-13,Singapore,Singapore,64.0,M,62.0,3,2948.51,982.84,1
1407,Stacy Church,qwalsh@example.org,2022-12-30,London,UK,49.0,M,41.0,2,2986.78,1493.39,1
1408,Cynthia Woods,ubray@example.net,2022-04-05,Vancouver,Canada,56.0,F,79.0,4,3274.91,818.73,1
1409,Mr. Ralph Dawson,angelica33@example.net,2024-01-07,Toronto,Canada,44.0,F,253.0,1,1051.38,1051.38,1
1410,Wesley Brown,santiagotaylor@example.com,2021-02-11,Bangkok,Thailand,26.0,M,101.0,6,5794.44,965.74,1
1411,Brian Clark,kathleen47@example.net,2023-03-20,Chicago,USA,34.0,M,653.0,0,0.0,0.0,0
1412,Jonathan Sloan,sabrinacruz@example.com,2021-11-15,Berlin,Germany,37.0,F,862.0,2,3514.56,1757.28,1
1413,Kayla Deleon,caseyhenderson@example.net,2021-10-15,Singapore,Singapore,33.0,F,296.0,5,6561.23,1312.25,1
1414,Sergio Wong,stevenrodriguez@example.org,2019-06-05,Sydney,Australia,73.0,M,327.0,3,2200.23,733.41,1
1415,Steven Lopez,alvarezalyssa@example.com,2019-06-10,Sydney,Australia,75.0,F,351.0,3,6489.93,2163.31,1
1416,Timothy Miller,zlewis@example.net,2020-02-15,Munich,Germany,28.0,M,174.0,1,136.94,136.94,1
1417,Gene Alexander,corey66@example.org,2022-10-31,Singapore,Singapore,28.0,,46.0,3,33978.79,11326.26,1
1418,James Wheeler,gstone@example.net,2023-01-06,Singapore,Singapore,74.0,F,153.0,1,500.91,500.91,1
1419,David Rodriguez,brownaustin@example.com,2023-05-23,London,UK,41.0,F,156.0,3,3228.13,1076.04,1
1420,Joseph Hill,gmyers@example.org,2021-11-15,Sydney,Australia,71.0,M,29.0,2,1467.62,733.81,1
1421,Sherry Adams,georgeharris@example.net,2020-04-23,Berlin,Germany,53.0,M,130.0,2,10380.84,5190.42,1
1422,Kyle Gross,lopezrebecca@example.net,2020-11-28,Berlin,Germany,36.0,Other,290.0,2,2185.45,1092.72,1
1423,Eric Knox,georgemaldonado@example.org,2020-03-05,Manchester,UK,44.0,F,521.0,3,1147.91,382.64,1
1424,Steven Thomas,waderonnie@example.org,2019-09-20,Mumbai,India,,M,371.0,3,2984.56,994.85,1
1425,Dennis Jones,wheelertara@example.net,2020-04-06,London,UK,43.0,M,232.0,2,1004.68,502.34,1
1426,Shane Kennedy,fuentesashley@example.com,2020-09-05,Munich,Germany,,Other,170.0,2,3295.43,1647.72,1
1427,Kelly Jackson,kimberlygarcia@example.net,2024-06-24,Chicago,USA,52.0,M,109.0,2,1811.43,905.72,1
1428,John Bell,elizabeth45@example.com,2021-03-11,Mumbai,India,29.0,F,865.0,1,1212.19,1212.19,1
1429,Harold Mckinney,rrodriguez@example.net,2019-08-11,Berlin,Germany,52.0,F,642.0,4,16976.13,4244.03,1
1430,Alicia Irwin,donnathomas@example.com,2019-08-02,Chicago,USA,,M,101.0,2,3065.83,1532.92,1
1431,Kenneth Dominguez,vhoward@example.org,2020-02-12,Chicago,USA,74.0,F,1785.0,0,0.0,0.0,0
1432,Troy Fowler,natalie87@example.net,2021-12-09,Sydney,Australia,,F,263.0,2,2003.56,1001.78,1
1433,Thomas Bailey,peter64@example.com,2024-02-07,Mumbai,India,41.0,M,248.0,2,567.47,283.74,1
1434,Kevin Miles,hamiltonspencer@example.com,2023-03-02,Berlin,Germany,40.0,F,87.0,2,2973.63,1486.82,1
1435,Wayne Porter,stevenhernandez@example.com,2020-09-26,Toronto,Canada,68.0,M,1558.0,0,0.0,0.0,0
1436,Mary Torres,calvin40@example.com,2022-04-18,Vancouver,Canada,48.0,F,151.0,4,3209.75,802.44,1
1437,Douglas Watkins,freemanadam@example.com,2021-07-01,Chicago,USA,68.0,M,181.0,3,1737.35,579.12,1
1438,April King,natasha88@example.org,2022-03-11,Bangkok,Thailand,45.0,F,112.0,3,1917.23,639.08,1
1439,Michelle Thomas,ryanhull@example.com,2023-12-10,Sydney,Australia,38.0,F,182.0,3,2799.23,933.08,1
1440,John Gomez,ghenderson@example.com,2023-08-14,Paris,France,42.0,M,57.0,1,1607.45,1607.45,1
1441,Linda Thompson,ushelton@example.net,2021-02-26,Berlin,Germany,27.0,M,30.0,2,3712.79,1856.4,1
1442,Randall Wright,tspencer@example.com,2020-05-05,New York,USA,33.0,M,189.0,3,2671.63,890.54,1
1443,Keith Fuller,nicholasliu@example.com,2022-11-30,Los Angeles,USA,74.0,M,88.0,4,3510.09,877.52,1
1444,Joseph Benson,taylor67@example.com,2019-06-06,London,UK,48.0,F,716.0,1,657.5,657.5,1
1445,Julia Gaines,bernardrobert@example.org,2020-02-29,Vancouver,Canada,18.0,M,266.0,1,201.29,201.29,1
1446,Elizabeth Sanchez,david89@example.com,2021-08-03,Melbourne,Australia,37.0,F,124.0,1,45.53,45.53,1
1447,Ryan Martinez,fordkathryn@example.net,2020-05-28,New York,USA,61.0,M,1679.0,0,0.0,0.0,0
1448,Anthony Brown,cookconnor@example.com,2021-08-02,Berlin,Germany,21.0,,723.0,2,4749.0,2374.5,1
1449,Melissa Lin,yangemily@example.net,2021-08-22,Chicago,USA,69.0,M,205.0,5,4795.0,959.0,1
1450,Meredith Black,rtaylor@example.net,2020-08-25,Chicago,USA,50.0,M,16.0,4,5519.8,1379.95,1
1451,Elizabeth Collins,shaffercindy@example.org,2022-10-19,New York,USA,25.0,M,91.0,2,1989.05,994.52,1
1452,Aaron Munoz,meyerjohn@example.org,2022-10-14,Bangkok,Thailand,29.0,M,567.0,2,1073.84,536.92,1
1453,Ross Wallace,howekevin@example.com,2022-08-05,Munich,Germany,40.0,M,870.0,1,271.78,271.78,1
1454,Dr. Sarah Payne,nvillarreal@example.org,2023-05-01,New York,USA,65.0,M,57.0,2,1428.94,714.47,1
1455,Mark Lopez,georgeharmon@example.net,2019-07-07,,Canada,,M,47.0,3,38024.3,12674.77,1
1456,John Roberts,haleytrevor@example.net,2022-10-02,Sydney,Australia,30.0,M,95.0,3,4447.39,1482.46,1
1457,James Marsh,bbutler@example.org,2019-12-10,Sydney,Australia,18.0,F,1014.0,1,1439.91,1439.91,1
1458,Jim Elliott,carpenteraustin@example.net,2022-07-07,Munich,Germany,55.0,Other,76.0,2,420.49,210.24,1
1459,Lisa Williams,sydney77@example.com,2020-04-20,Los Angeles,USA,22.0,F,720.0,1,120.98,120.98,1
1460,Christopher Mason,michaelmccarthy@example.com,2019-01-25,London,UK,29.0,M,2168.0,0,0.0,0.0,0
1461,Carrie Hernandez,stephen24@example.net,2022-07-01,Sydney,Australia,18.0,F,381.0,1,2034.27,2034.27,1
1462,James Hendricks,ebennett@example.net,2021-10-20,Paris,France,61.0,M,245.0,4,3690.1,922.52,1
1463,Laura Pennington,david59@example.net,2020-05-30,Chicago,USA,54.0,F,503.0,2,2621.46,1310.73,1
1464,Luis Powell,johnsonjessica@example.org,2024-06-14,Bangkok,Thailand,37.0,M,20.0,2,4156.57,2078.28,1
1465,Brian Villa,omorris@example.net,2022-09-26,Mumbai,India,20.0,M,271.0,2,1037.08,518.54,1
1466,Ashley Gilmore,acampos@example.org,2021-11-12,Manchester,UK,63.0,,529.0,2,3105.78,1552.89,1
1467,David Johnson,alexandernicholas@example.net,2019-02-13,Toronto,Canada,64.0,M,774.0,1,1437.06,1437.06,1
1468,Tammy Morris,ogray@example.net,2020-05-13,Singapore,Singapore,,F,885.0,1,1861.31,1861.31,1
1469,Christina Henry,jeremiah26@example.net,2021-02-08,Chicago,USA,,M,20.0,5,10449.09,2089.82,1
1470,Cheryl Perkins,harrislisa@example.org,2023-02-22,Berlin,Germany,24.0,M,99.0,1,367.74,367.74,1
1471,Jason Payne,petersonfaith@example.net,2023-06-10,Munich,Germany,57.0,F,571.0,0,0.0,0.0,0
1472,Kathleen Collier,wmason@example.net,2020-11-09,Melbourne,Australia,31.0,M,154.0,1,921.24,921.24,1
1473,Sarah Solis,ypatterson@example.org,2023-06-30,Toronto,Canada,54.0,F,284.0,2,2064.63,1032.32,1
1474,Bethany Holmes,wilsonjerry@example.net,2019-01-13,Sydney,Australia,71.0,F,899.0,1,28262.79,28262.79,1
1475,Alison Nicholson,sandra46@example.net,2024-04-05,Chicago,USA,24.0,M,107.0,2,4606.69,2303.34,1
1476,Shane Moore,charles93@example.net,2020-02-23,Bangkok,Thailand,48.0,F,94.0,5,5728.31,1145.66,1
1477,Kathryn Ross,gardnerpatricia@example.net,2020-02-09,Melbourne,Australia,43.0,F,337.0,3,1871.68,623.89,1
1478,Thomas Baker,johnsonrobert@example.org,2024-06-04,Berlin,Germany,28.0,F,26.0,4,5640.11,1410.03,1
1479,Phillip Taylor,sandra03@example.com,2021-03-26,London,UK,26.0,M,1377.0,0,0.0,0.0,0
1480,Travis Strong,reedchad@example.com,2023-04-07,Manchester,UK,68.0,M,635.0,0,0.0,0.0,0
1481,Lisa Miller,rpotts@example.net,2023-10-16,Manchester,UK,64.0,M,94.0,1,1679.28,1679.28,1
1482,Andrew Romero,ryan43@example.org,2023-01-28,Munich,Germany,32.0,F,466.0,2,1701.23,850.62,1
1483,Allison Casey,amandadalton@example.net,2022-05-26,Munich,Germany,20.0,F,267.0,2,2074.02,1037.01,1
1484,Alicia Olson,scannon@example.org,2020-01-24,Bangkok,Thailand,16.0,F,319.0,2,1208.36,604.18,1
1485,Jeffery Taylor,nwilson@example.com,2024-03-10,Manchester,UK,41.0,M,93.0,4,6464.48,1616.12,1
1486,Greg Hull,jessechapman@example.org,2022-04-19,Sydney,Australia,42.0,F,626.0,1,924.18,924.18,1
1487,Paul Morton,ritteralexis@example.net,2022-03-04,Bangkok,Thailand,28.0,M,50.0,3,5221.57,1740.52,1
1488,Anthony Brown,cwhite@example.com,2023-01-19,Singapore,Singapore,48.0,F,138.0,4,3925.81,981.45,1
1489,Matthew Sanchez,david67@example.net,2022-08-26,New York,USA,75.0,M,397.0,3,3712.0,1237.33,1
1490,Billy Wright,troymoss@example.com,2023-07-24,,Thailand,56.0,M,4.0,2,453.16,226.58,1
1491,Shannon Wallace,shelly84@example.net,2020-06-19,Chicago,USA,45.0,F,566.0,1,811.57,811.57,1
1492,Steven Flores,brownrachel@example.net,2024-05-03,Paris,France,16.0,M,70.0,5,5065.14,1013.03,1
1493,Katelyn Miller,maureenmeyer@example.com,2021-03-25,Manchester,UK,73.0,M,156.0,5,5142.32,1028.46,1
1494,Christine Watson,barryyoung@example.com,2023-08-27,Chicago,USA,32.0,M,13.0,6,8723.41,1453.9,1
1495,Jordan Wilson,rhuff@example.com,2021-02-22,Bangkok,Thailand,35.0,Other,149.0,3,1674.97,558.32,1
1496,Elizabeth Hanna,ramirezchelsea@example.com,2019-07-02,Mumbai,India,56.0,M,2010.0,0,0.0,0.0,0
1497,James Wallace,jamielopez@example.com,2023-03-14,Vancouver,Canada,75.0,F,191.0,1,1468.93,1468.93,1
1498,Mary Johnson,sharon95@example.com,2023-07-30,Chicago,USA,16.0,F,88.0,4,4074.02,1018.5,1
1499,Leslie Todd,jessica96@example.com,2022-09-02,Manchester,UK,62.0,F,242.0,2,1362.95,681.48,1
1500,Tanya Goodwin,transtephanie@example.net,2020-02-10,Chicago,USA,27.0,M,548.0,3,1517.51,505.84,1
1501,William Nichols,karmstrong@example.net,2020-01-16,Toronto,Canada,19.0,F,545.0,2,2643.46,1321.73,1
1502,Tyler Mcdonald,davidsmith@example.net,2023-11-21,Bangkok,Thailand,44.0,M,407.0,0,0.0,0.0,0
1503,Angela Wright,matthew60@example.net,2019-06-13,Chicago,USA,21.0,F,2029.0,0,0.0,0.0,0
1504,Derrick King,martinezashley@example.com,2020-04-25,Paris,France,47.0,F,61.0,3,1995.06,665.02,1
1505,Sarah Wallace,gonzalessteven@example.com,2024-05-10,Singapore,Singapore,58.0,F,235.0,1,3205.05,3205.05,1
1506,Dr. Daniel Brown,hillcheryl@example.com,2023-06-10,Munich,Germany,40.0,M,246.0,1,1047.69,1047.69,1
1507,Jessica Scott,jordan72@example.org,2021-09-22,Bangkok,Thailand,64.0,F,257.0,4,3644.2,911.05,1
1508,Bridget Williamson,halldiamond@example.org,2020-12-03,Bangkok,Thailand,68.0,F,15.0,1,294.77,294.77,1
1509,Shannon Riley,tranjeremy@example.net,2019-04-28,Paris,France,71.0,F,867.0,1,963.2,963.2,1
1510,Vanessa Smith DVM,amber09@example.org,2021-04-02,Melbourne,Australia,17.0,F,588.0,2,2579.42,1289.71,1
1511,Billy Wallace,youngmark@example.com,2023-03-19,Melbourne,Australia,39.0,M,504.0,2,1552.47,776.24,1
1512,Melanie Jones,jliu@example.org,2021-04-26,Munich,Germany,16.0,M,180.0,2,462.75,231.38,1
1513,Richard Rogers,xmerritt@example.com,2022-07-21,New York,USA,,F,273.0,2,1418.51,709.26,1
1514,Elizabeth Johnson,bradley29@example.org,2020-04-23,Berlin,Germany,47.0,F,568.0,1,3570.11,3570.11,1
1515,Daniel Edwards,shelby69@example.org,2024-04-07,Manchester,UK,58.0,M,269.0,0,0.0,0.0,0
1516,Brittany Farmer,friedmansusan@example.org,2022-05-28,Vancouver,Canada,61.0,M,281.0,1,1810.18,1810.18,1
1517,Yolanda Mccoy,hryan@example.net,2023-01-07,Mumbai,India,18.0,F,130.0,2,1080.38,540.19,1
1518,Lisa Hopkins,mstewart@example.net,2022-01-28,Sydney,Australia,26.0,M,474.0,3,4147.49,1382.5,1
1519,David Sanchez,jerry51@example.net,2020-05-08,Munich,Germany,29.0,M,309.0,4,5301.14,1325.28,1
1520,Nicholas Beard,christopher88@example.org,2021-06-09,Los Angeles,USA,26.0,F,227.0,2,1643.86,821.93,1
1521,Martha Jacobs,ohartman@example.net,2020-03-27,Vancouver,Canada,58.0,F,409.0,3,6122.43,2040.81,1
1522,Victoria Frost,kimberlyrussell@example.net,2024-03-04,Chicago,USA,56.0,M,303.0,0,0.0,0.0,0
1523,Lisa Flynn,lee16@example.com,2020-04-03,Mumbai,India,65.0,F,596.0,2,226.85,113.42,1
1524,Brittany Snyder,rachelwalter@example.org,2023-01-09,Bangkok,Thailand,57.0,M,393.0,2,1974.01,987.0,1
1525,Jason Cannon,inewton@example.org,2020-04-22,Singapore,Singapore,32.0,F,1.0,2,2343.89,1171.94,1
1526,Allison Jackson,andersonmichelle@example.com,2022-04-27,Melbourne,Australia,63.0,F,53.0,2,398.26,199.13,1
1527,Heather Morales,jenniferwilson@example.com,2024-05-07,London,UK,52.0,M,41.0,2,1145.41,572.71,1
1528,Lisa Mcknight,jonessamantha@example.com,2023-10-01,Toronto,Canada,43.0,M,51.0,3,2873.09,957.7,1
1529,Lynn Yang,eroberts@example.net,2019-09-16,Singapore,Singapore,58.0,F,406.0,2,1338.07,669.04,1
1530,Clifford Cannon,hernandezalan@example.net,2023-10-12,Munich,Germany,36.0,M,72.0,2,26588.08,13294.04,1
1531,Matthew Gray,uthompson@example.net,2022-10-24,Berlin,Germany,25.0,M,638.0,3,3819.33,1273.11,1
1532,Raymond Hall,kpeterson@example.net,2023-08-23,Singapore,Singapore,54.0,M,71.0,4,1590.34,397.58,1
1533,Lauren Anthony,ymitchell@example.com,2023-10-03,Vancouver,Canada,46.0,F,25.0,5,59602.71,11920.54,1
1534,Tiffany Williams,russellramirez@example.net,2019-05-01,Manchester,UK,25.0,M,12.0,3,4336.63,1445.54,1
1535,Gregory Martin,joshua73@example.org,2020-04-05,Singapore,Singapore,75.0,M,223.0,1,1234.99,1234.99,1
1536,Thomas Zhang,middletonelizabeth@example.org,2020-09-04,Manchester,UK,17.0,M,235.0,2,1846.36,923.18,1
1537,Juan Romero,anthonyorr@example.net,2023-04-01,London,UK,41.0,F,641.0,0,0.0,0.0,0
1538,Chloe Freeman,woodjuan@example.net,2020-02-04,Bangkok,Thailand,41.0,M,356.0,2,3224.69,1612.34,1
1539,Jeremy Martinez,hphillips@example.net,2023-07-07,Mumbai,India,70.0,M,19.0,5,18247.13,3649.43,1
1540,Sarah Wallace,fsnyder@example.org,2019-10-09,Paris,France,60.0,F,681.0,3,5630.77,1876.92,1
1541,Monique Wilson MD,garnerjeffrey@example.org,2023-03-13,Singapore,Singapore,63.0,M,107.0,2,572.99,286.5,1
1542,Jonathon Hill,mannleroy@example.org,2022-10-21,Los Angeles,USA,40.0,M,88.0,2,2177.08,1088.54,1
1543,Timothy Bauer,james80@example.net,2019-04-26,Bangkok,Thailand,38.0,F,773.0,3,2830.42,943.47,1
1544,Danielle Willis,emilybaker@example.org,2022-08-24,Munich,Germany,53.0,M,334.0,2,1528.41,764.2,1
1545,Mr. Jonathan Anderson,tapiamercedes@example.net,2019-03-11,Toronto,Canada,31.0,M,2123.0,0,0.0,0.0,0
1546,Jeffrey Henry,christina93@example.net,2022-08-29,Chicago,USA,65.0,M,145.0,3,3096.06,1032.02,1
1547,Joseph Best,mary47@example.com,2021-08-07,Singapore,Singapore,40.0,F,548.0,4,5872.85,1468.21,1
1548,Jenna Howard,ophillips@example.org,2019-08-27,Los Angeles,USA,23.0,M,149.0,5,8355.17,1671.03,1
1549,Stephanie Gallagher,umontes@example.org,2022-04-16,New York,USA,52.0,F,470.0,2,1964.03,982.02,1
1550,Audrey Marshall,donna56@example.net,2020-01-06,Paris,France,46.0,F,83.0,3,2501.21,833.74,1
1551,Stephen Larsen,rburke@example.org,2019-07-23,Chicago,USA,20.0,M,120.0,2,2715.74,1357.87,1
1552,Derek Lewis,xbrown@example.com,2023-07-23,Manchester,UK,41.0,M,68.0,1,841.12,841.12,1
1553,Evan Myers,qcoleman@example.org,2019-05-11,Berlin,Germany,69.0,M,846.0,2,779.76,389.88,1
1554,Nicholas Morgan,parkerrobert@example.net,2023-03-24,Los Angeles,USA,58.0,M,461.0,4,5340.81,1335.2,1
1555,Kimberly Chan,gouldchristina@example.com,2019-01-11,Chicago,USA,44.0,F,218.0,2,933.45,466.72,1
1556,Joshua Clements,langchristopher@example.net,2022-08-29,Toronto,Canada,21.0,F,16.0,7,8305.27,1186.47,1
1557,Harold Miranda,penaapril@example.com,2021-11-02,Los Angeles,USA,39.0,,373.0,3,2751.19,917.06,1
1558,Victoria Massey,oheath@example.com,2019-01-01,Sydney,Australia,,M,721.0,1,1130.31,1130.31,1
1559,Susan Rivera,angelawright@example.org,2022-09-11,Vancouver,Canada,44.0,F,59.0,4,2795.12,698.78,1
1560,Alejandro Bentley,masonlacey@example.org,2020-12-22,Bangkok,Thailand,50.0,M,364.0,1,383.11,383.11,1
1561,Eric Hall,arthurbrady@example.com,2020-04-30,New York,USA,28.0,F,175.0,2,2575.56,1287.78,1
1562,Bonnie Yang,michelle11@example.net,2022-05-18,Chicago,USA,29.0,M,389.0,4,4561.77,1140.44,1
1563,Pamela Perry,newtonamber@example.org,2019-06-02,Manchester,UK,32.0,F,146.0,3,5035.43,1678.48,1
1564,Kevin Myers,kristen68@example.net,2019-06-20,Berlin,Germany,59.0,M,2.0,1,1471.66,1471.66,1
1565,Donald Harris,tanya97@example.com,2022-07-13,Los Angeles,USA,56.0,F,56.0,1,1120.02,1120.02,1
1566,Brandon Rasmussen,timothy88@example.org,2022-08-19,Sydney,Australia,54.0,F,310.0,1,1916.99,1916.99,1
1567,Willie Luna,kathryn17@example.org,2021-06-07,Singapore,Singapore,17.0,F,659.0,2,1096.58,548.29,1
1568,Allison Wise,kwood@example.org,2019-08-14,Munich,Germany,42.0,F,578.0,1,476.2,476.2,1
1569,Evelyn Pacheco,davisgary@example.com,2023-05-13,London,UK,25.0,F,27.0,2,1521.0,760.5,1
1570,Angela Powell,kmills@example.org,2024-06-28,Manchester,UK,40.0,F,34.0,2,1452.7,726.35,1
1571,Johnny Jenkins,mary05@example.net,2023-01-31,Munich,Germany,53.0,M,364.0,2,1304.44,652.22,1
1572,Jennifer Smith,karinorton@example.net,2022-03-17,Melbourne,Australia,51.0,F,185.0,2,2656.78,1328.39,1
1573,Dr. David Murray MD,morseronald@example.org,2024-04-22,London,UK,27.0,,30.0,4,3457.58,864.4,1
1574,Peter Martin,martinsamuel@example.org,2022-02-03,Munich,Germany,72.0,F,243.0,4,15522.54,3880.64,1
1575,Jeff Jackson,jtaylor@example.com,2022-11-07,New York,USA,61.0,F,398.0,1,343.7,343.7,1
1576,Edward Graham,jennifer48@example.com,2020-07-01,Melbourne,Australia,74.0,M,1645.0,0,0.0,0.0,0
1577,Jacqueline Santos,kellycohen@example.net,2022-10-20,Toronto,Canada,42.0,,62.0,2,884.82,442.41,1
1578,Jacqueline Munoz,vford@example.net,2021-08-17,Singapore,Singapore,34.0,Other,14.0,3,2362.79,787.6,1
1579,Sarah Taylor,asmith@example.org,2024-03-06,Bangkok,Thailand,35.0,F,194.0,1,2175.54,2175.54,1
1580,Austin Rowland,jacqueline31@example.net,2020-10-02,Singapore,Singapore,56.0,Other,605.0,2,1312.44,656.22,1
1581,Brandon Weber,carlfields@example.org,2022-03-24,Chicago,USA,21.0,M,1014.0,0,0.0,0.0,0
1582,Adrian Lee,lori69@example.net,2019-01-22,Mumbai,India,59.0,M,2171.0,0,0.0,0.0,0
1583,Marcus Powell,ann31@example.net,2022-11-04,,Germany,60.0,F,713.0,1,717.32,717.32,1
1584,Nicholas Ramirez,anne28@example.net,2023-03-08,Mumbai,India,61.0,F,570.0,1,526.5,526.5,1
1585,Janet Johnston,tammy97@example.org,2022-09-16,Melbourne,Australia,59.0,,700.0,1,338.4,338.4,1
1586,Richard Hays,noblechristina@example.org,2024-03-20,Sydney,Australia,73.0,M,287.0,0,0.0,0.0,0
1587,Shannon Morris,taylorlindsay@example.com,2020-12-24,Munich,Germany,43.0,,82.0,4,3483.51,870.88,1
1588,Erin Mason,allenphillip@example.com,2024-02-15,London,UK,69.0,F,312.0,1,1437.54,1437.54,1
1589,Heather Roberson,alyssa93@example.org,2021-09-16,Vancouver,Canada,32.0,M,160.0,1,985.05,985.05,1
1590,Sandra Dawson,fcastro@example.net,2024-03-05,Toronto,Canada,75.0,M,21.0,2,9907.25,4953.62,1
1591,Melissa Grant,lpearson@example.org,2024-03-30,New York,USA,73.0,F,15.0,4,3276.21,819.05,1
1592,Savannah Townsend,jessica39@example.net,2021-07-31,,France,35.0,M,108.0,4,2924.52,731.13,1
1593,Tammie Lee,harold03@example.com,2021-04-03,Chicago,USA,16.0,F,283.0,2,2858.23,1429.12,1
1594,Cory Willis,clinton54@example.net,2024-01-15,Munich,Germany,42.0,F,352.0,0,0.0,0.0,0
1595,Lisa Johnson,darlene60@example.net,2020-05-27,Sydney,Australia,46.0,F,193.0,6,11253.2,1875.53,1
1596,Denise Brown,roysara@example.net,2022-01-03,Chicago,USA,22.0,F,317.0,3,6220.82,2073.61,1
1597,Katherine Wells,johnsonanthony@example.net,2020-12-25,Chicago,USA,16.0,F,1468.0,0,0.0,0.0,0
1598,Noah Pitts,christopherflowers@example.org,2020-08-06,Toronto,Canada,24.0,M,107.0,2,191.8,95.9,1
1599,Mark Brown,hodgejoshua@example.org,2022-09-26,Chicago,USA,46.0,F,77.0,2,2045.46,1022.73,1
1600,Nancy Cook,rachael29@example.net,2022-01-31,Berlin,Germany,67.0,M,22.0,1,841.59,841.59,1
1601,Kelli Shepard,qbutler@example.net,2023-12-11,Singapore,Singapore,48.0,M,130.0,3,728.38,242.79,1
1602,Corey Juarez,jessicamiller@example.com,2019-08-13,Chicago,USA,,M,39.0,4,2702.36,675.59,1
1603,Lee Barker,vthompson@example.org,2022-11-02,Singapore,Singapore,19.0,,34.0,5,5891.66,1178.33,1
1604,Justin Wilson,scarroll@example.org,2019-01-17,Melbourne,Australia,46.0,M,2176.0,0,0.0,0.0,0
1605,Julie Wilson,whitechristopher@example.com,2022-06-18,Toronto,Canada,62.0,M,378.0,2,5371.18,2685.59,1
1606,Tracy Wang,robinsonnicholas@example.org,2020-06-23,Mumbai,India,58.0,M,96.0,1,725.14,725.14,1
1607,Terri Parker,julierojas@example.com,2019-07-31,Singapore,Singapore,55.0,M,183.0,2,363.23,181.62,1
1608,Michael Thompson,annettegutierrez@example.org,2019-11-01,Sydney,Australia,23.0,,582.0,2,3283.92,1641.96,1
1609,Curtis Krause,heidi41@example.com,2019-10-27,Bangkok,Thailand,17.0,F,423.0,2,890.49,445.24,1
1610,Jack Barton,rgallegos@example.org,2021-12-11,Manchester,UK,60.0,F,239.0,4,5311.04,1327.76,1
1611,Ruben Cruz,victoriahamilton@example.net,2019-05-06,Berlin,Germany,43.0,F,86.0,2,1871.93,935.96,1
1612,Rebecca Clark,christopher34@example.org,2024-04-15,Vancouver,Canada,61.0,F,89.0,2,664.84,332.42,1
1613,Andre Wilson,thomasmcdonald@example.com,2019-01-02,New York,USA,58.0,M,40.0,4,7476.37,1869.09,1
1614,James Chapman,morrisdaniel@example.com,2022-05-27,Bangkok,Thailand,43.0,F,56.0,6,5547.31,924.55,1
1615,Aimee Fisher,matthew12@example.com,2019-08-17,Vancouver,Canada,,M,934.0,2,920.65,460.32,1
1616,John Lopez,gonzaleschristina@example.net,2021-01-08,London,UK,63.0,F,975.0,1,887.08,887.08,1
1617,Jessica Ross,johnnybrooks@example.com,2020-07-19,Sydney,Australia,53.0,F,1627.0,0,0.0,0.0,0
1618,Mr. Andrew Hickman,kathrynsantana@example.net,2022-05-17,Melbourne,Australia,18.0,M,386.0,1,505.49,505.49,1
1619,Jeffery Adams,kwatkins@example.net,2020-01-31,Toronto,Canada,75.0,M,723.0,1,746.22,746.22,1
1620,Eric Carlson,stephaniebradley@example.org,2023-01-25,Vancouver,Canada,64.0,F,707.0,0,0.0,0.0,0
1621,Gary Choi,parkerkatie@example.com,2021-05-06,Toronto,Canada,61.0,M,558.0,1,1109.58,1109.58,1
1622,Christopher Smith,jamesjackson@example.com,2022-02-21,Bangkok,Thailand,73.0,F,39.0,1,798.42,798.42,1
1623,David Harris,ramseyeric@example.net,2019-05-19,Manchester,UK,42.0,M,2054.0,0,0.0,0.0,0
1624,Jacqueline Woods,cory86@example.net,2022-05-12,Chicago,USA,60.0,,258.0,2,4974.46,2487.23,1
1625,John Bennett,wmccarthy@example.org,2023-06-15,New York,USA,63.0,M,42.0,3,3567.94,1189.31,1
1626,Fernando Mcconnell,smejia@example.net,2024-06-12,Munich,Germany,26.0,M,40.0,2,649.41,324.7,1
1627,Jessica Long,reedelizabeth@example.net,2021-03-31,,UK,33.0,M,1047.0,1,1865.82,1865.82,1
1628,Stephen Thompson,mikemorgan@example.org,2022-11-27,Paris,France,72.0,M,161.0,3,5251.64,1750.55,1
1629,Nicole Melendez,devinlopez@example.org,2021-12-11,Melbourne,Australia,35.0,F,431.0,3,5274.16,1758.05,1
1630,Brandon Cruz,ronaldmitchell@example.com,2019-12-17,Los Angeles,USA,18.0,M,551.0,1,388.42,388.42,1
1631,Karen Green,zwhite@example.net,2020-07-22,Bangkok,Thailand,33.0,,86.0,3,3431.54,1143.85,1
1632,Ashley Drake,gina16@example.org,2020-03-06,Mumbai,India,,M,439.0,3,2306.95,768.98,1
1633,Carl Hunter,psmith@example.net,2020-10-26,London,UK,61.0,F,390.0,3,4190.14,1396.71,1
1634,Raymond Turner,judy19@example.com,2022-06-06,Bangkok,Thailand,36.0,F,578.0,1,3357.93,3357.93,1
1635,Priscilla Joseph,daniel26@example.net,2020-03-25,,UK,27.0,M,124.0,2,4265.1,2132.55,1
1636,Sheila Miller,rogerssarah@example.net,2023-05-13,Mumbai,India,22.0,Other,207.0,2,1679.68,839.84,1
1637,Jose Mendez,dgraham@example.com,2023-11-17,Vancouver,Canada,56.0,F,45.0,2,5215.5,2607.75,1
1638,Sean Stevens,smallgina@example.com,2020-07-04,London,UK,53.0,F,190.0,1,335.88,335.88,1
1639,Michael Wang,danielsguy@example.com,2020-04-19,Berlin,Germany,39.0,M,1718.0,0,0.0,0.0,0
1640,Jeremy Evans,larsonmichael@example.org,2020-01-14,Berlin,Germany,28.0,F,75.0,3,1269.51,423.17,1
1641,Jennifer Thompson,martinezduane@example.com,2019-02-13,Vancouver,Canada,26.0,M,2149.0,0,0.0,0.0,0
1642,Donald Bonilla,samanthaberger@example.net,2019-05-23,Toronto,Canada,20.0,M,52.0,2,1533.7,766.85,1
1643,Laura Williams,nathan29@example.net,2019-07-25,Manchester,UK,24.0,M,1987.0,0,0.0,0.0,0
1644,Sonia Reyes,morgandana@example.com,2021-02-25,Manchester,UK,23.0,M,325.0,1,774.23,774.23,1
1645,Alex Clements,jennifer16@example.org,2019-09-28,New York,USA,65.0,M,1922.0,0,0.0,0.0,0
1646,Laura Cooley,heatherwilliams@example.net,2023-06-11,New York,USA,66.0,F,570.0,0,0.0,0.0,0
1647,Philip Kim,joshuapowers@example.net,2019-06-24,Melbourne,Australia,24.0,F,368.0,5,20061.81,4012.36,1
1648,Christopher Mitchell,russellandrew@example.com,2020-09-21,Chicago,USA,46.0,M,145.0,2,1787.58,893.79,1
1649,Denise Ford,colton30@example.net,2022-01-18,Sydney,Australia,17.0,F,311.0,1,942.96,942.96,1
1650,Arthur Roberts,omatthews@example.net,2023-12-21,Munich,Germany,,F,250.0,2,4613.27,2306.64,1
1651,James Spears,cooperluis@example.com,2019-10-29,Manchester,UK,57.0,M,738.0,2,2585.41,1292.7,1
1652,Scott Porter,emilyscott@example.org,2023-12-16,Sydney,Australia,47.0,F,173.0,2,5829.41,2914.7,1
1653,Laura Miller,whoffman@example.org,2021-01-01,Vancouver,Canada,55.0,Other,1461.0,0,0.0,0.0,0
1654,William Wood,karen77@example.org,2024-01-09,Los Angeles,USA,54.0,F,358.0,0,0.0,0.0,0
1655,Kevin Weber,wperry@example.org,2022-10-23,Chicago,USA,25.0,M,170.0,1,523.35,523.35,1
1656,Diane Manning,nicholasmedina@example.com,2020-12-14,Vancouver,Canada,33.0,Other,190.0,5,7185.86,1437.17,1
1657,Sarah Davis,jasonrodriguez@example.com,2024-02-01,Singapore,Singapore,,F,5.0,2,3539.1,1769.55,1
1658,Christopher Waters,wpierce@example.org,2019-10-28,Sydney,Australia,25.0,M,421.0,3,4831.43,1610.48,1
1659,Kyle Flores,crystal58@example.net,2023-07-27,Berlin,Germany,23.0,F,97.0,2,2431.76,1215.88,1
1660,Courtney Powell,cmitchell@example.org,2020-10-23,Los Angeles,USA,27.0,M,554.0,2,2597.54,1298.77,1
1661,Cassandra Roberts,kathryn21@example.com,2022-11-21,Berlin,Germany,54.0,M,60.0,1,953.59,953.59,1
1662,Jennifer Barnes,danamontgomery@example.org,2024-03-02,Sydney,Australia,40.0,M,56.0,2,1499.98,749.99,1
1663,Kathy Miller,udougherty@example.net,2022-01-03,Munich,Germany,40.0,M,1009.0,2,1964.01,982.0,1
1664,Keith Kennedy,craneandrew@example.net,2022-11-21,Singapore,Singapore,60.0,F,139.0,5,7104.92,1420.98,1
1665,Martha Arnold,melissamartin@example.com,2019-02-05,Mumbai,India,51.0,F,117.0,2,2466.8,1233.4,1
1666,Cynthia Kennedy,marcuscarter@example.org,2020-12-16,Bangkok,Thailand,70.0,F,100.0,4,1869.81,467.45,1
1667,Joel Sanchez,yfritz@example.org,2019-10-23,Berlin,Germany,75.0,M,348.0,3,1609.21,536.4,1
1668,Kathryn Rodriguez,monica23@example.com,2023-03-10,New York,USA,23.0,F,95.0,3,19859.01,6619.67,1
1669,Andrea Goodman,ecamacho@example.com,2022-11-26,New York,USA,,M,740.0,1,4036.91,4036.91,1
1670,Jason Green,baldwincatherine@example.net,2023-09-12,Berlin,Germany,71.0,F,72.0,2,1490.18,745.09,1
1671,Jessica Carey,carterraymond@example.net,2019-06-07,Toronto,Canada,52.0,M,281.0,2,228.53,114.26,1
1672,Heidi Moran,hpatterson@example.org,2023-03-03,Berlin,Germany,63.0,M,347.0,2,3720.04,1860.02,1
1673,Dennis Bryan,bowenmichael@example.net,2020-11-21,,Australia,66.0,F,75.0,2,1308.44,654.22,1
1674,Thomas Pope,josephrivera@example.net,2023-12-10,New York,USA,18.0,F,216.0,1,16.2,16.2,1
1675,Steven Vasquez,katherinepeterson@example.net,2023-09-02,Manchester,UK,59.0,M,487.0,0,0.0,0.0,0
1676,Richard Lyons,brooke22@example.net,2024-02-26,Vancouver,Canada,48.0,Other,46.0,5,17177.05,3435.41,1
1677,Daniel Wood,jennifer42@example.net,2024-06-15,Vancouver,Canada,49.0,M,141.0,2,1710.51,855.26,1
1678,Karen Gonzales,eric22@example.net,2022-06-21,Manchester,UK,30.0,,520.0,1,578.42,578.42,1
1679,James Walsh,rosalesbrandy@example.org,2023-09-20,Paris,France,68.0,M,158.0,2,3654.51,1827.26,1
1680,Deanna Griffith,kwoods@example.com,2023-08-22,Manchester,UK,,F,498.0,0,0.0,0.0,0
1681,Laurie Mason,nicholas72@example.net,2019-08-11,Vancouver,Canada,20.0,F,1970.0,0,0.0,0.0,0
1682,Mr. James Barnett,petersonkyle@example.org,2020-07-31,Toronto,Canada,50.0,F,476.0,2,783.39,391.7,1
1683,Lee Daniel,santosmichael@example.com,2020-09-25,Bangkok,Thailand,51.0,F,717.0,2,3134.5,1567.25,1
1684,Margaret Smith,judithcox@example.org,2024-06-23,Los Angeles,USA,,M,192.0,0,0.0,0.0,0
1685,Brett Rivera,nelsonsuzanne@example.net,2020-10-06,New York,USA,,F,940.0,1,976.57,976.57,1
1686,Angela Yates,pknight@example.org,2021-10-21,Manchester,UK,36.0,,22.0,3,5371.97,1790.66,1
1687,Patrick Norris,jeremylove@example.org,2022-10-13,Melbourne,Australia,37.0,F,811.0,0,0.0,0.0,0
1688,Lee Arnold,pauljessica@example.org,2023-05-07,Singapore,Singapore,17.0,M,27.0,2,3942.26,1971.13,1
1689,Brandi Turner,jeremywillis@example.net,2019-03-18,Mumbai,India,26.0,M,1.0,2,1949.92,974.96,1
1690,Brett Keith,florescynthia@example.org,2024-05-05,Los Angeles,USA,72.0,F,100.0,1,835.07,835.07,1
1691,Jeremy Alvarez,danielsjason@example.com,2019-11-26,Melbourne,Australia,49.0,M,395.0,3,4194.97,1398.32,1
1692,Adam Jordan,cortezscott@example.net,2020-11-30,Singapore,Singapore,66.0,M,107.0,1,1133.62,1133.62,1
1693,Robert Mendez,qgay@example.com,2019-03-23,Manchester,UK,31.0,F,566.0,2,1695.79,847.9,1
1694,Katherine Thompson,ppalmer@example.com,2022-03-07,,USA,47.0,M,704.0,2,3079.14,1539.57,1
1695,Joseph Peterson,connie12@example.com,2022-01-25,Vancouver,Canada,47.0,Other,615.0,1,727.02,727.02,1
1696,Steven Hicks,emartin@example.com,2019-05-20,Chicago,USA,52.0,F,599.0,2,4642.02,2321.01,1
1697,Anna Atkins,dana82@example.org,2021-08-01,Singapore,Singapore,46.0,F,814.0,1,614.67,614.67,1
1698,Pamela Lewis,luke87@example.org,2019-10-15,Bangkok,Thailand,52.0,F,639.0,1,159.65,159.65,1
1699,Tanya Clark,mariolee@example.com,2023-10-22,Manchester,UK,74.0,M,237.0,1,467.86,467.86,1
1700,Sarah Bishop,markblack@example.com,2024-05-03,Paris,France,39.0,F,148.0,1,1316.72,1316.72,1
1701,Rachel Chan,jeremy47@example.com,2023-11-29,Bangkok,Thailand,55.0,M,195.0,1,1852.85,1852.85,1
1702,Eric Acosta,shannon69@example.com,2023-08-09,Melbourne,Australia,16.0,F,7.0,6,5825.31,970.89,1
1703,Abigail Case,schmittmichael@example.org,2021-03-28,Paris,France,30.0,F,648.0,1,1385.11,1385.11,1
1704,Pamela Smith,jasonmoran@example.com,2021-08-17,Berlin,Germany,50.0,F,1066.0,1,1516.53,1516.53,1
1705,Allison Simmons,jnguyen@example.net,2019-08-10,Melbourne,Australia,65.0,F,650.0,1,411.26,411.26,1
1706,Daniel Shaw,daniel32@example.com,2022-05-22,London,UK,29.0,F,350.0,2,1953.79,976.9,1
1707,Teresa Watkins,harringtonpeter@example.net,2022-01-21,New York,USA,46.0,M,705.0,1,620.37,620.37,1
1708,Mr. Lawrence Brooks,brownmatthew@example.net,2023-05-05,Paris,France,19.0,F,64.0,4,3415.33,853.83,1
1709,Thomas Rodriguez,nicolejones@example.net,2020-03-13,Berlin,Germany,29.0,M,952.0,1,1023.33,1023.33,1
1710,Christian Hernandez,audrey81@example.com,2020-05-31,Vancouver,Canada,27.0,F,347.0,1,89.43,89.43,1
1711,Kenneth Farmer,angela40@example.org,2023-11-25,Vancouver,Canada,71.0,M,403.0,0,0.0,0.0,0
1712,Andrea Hartman,susan57@example.net,2023-08-28,Chicago,USA,21.0,,492.0,0,0.0,0.0,0
1713,Cathy Mcdonald,mcox@example.net,2019-12-03,Vancouver,Canada,38.0,M,457.0,2,1539.33,769.66,1
1714,Deanna Munoz,taylordawn@example.com,2019-11-26,Singapore,Singapore,38.0,M,166.0,3,988.23,329.41,1
1715,John Williams,durhamwilliam@example.org,2023-05-23,Munich,Germany,28.0,M,160.0,3,3533.79,1177.93,1
1716,Whitney Moyer,kristy74@example.net,2022-09-22,London,UK,16.0,F,219.0,3,927.41,309.14,1
1717,Austin Jones,mccannkimberly@example.net,2020-10-10,Mumbai,India,66.0,M,467.0,1,2724.41,2724.41,1
1718,Jose York,mbishop@example.org,2021-07-11,New York,USA,56.0,F,82.0,2,3219.72,1609.86,1
1719,Jessica Hill,vpreston@example.org,2023-03-08,Toronto,Canada,42.0,M,32.0,5,5699.0,1139.8,1
1720,Angel Holland,shawn60@example.com,2020-12-13,Toronto,Canada,28.0,F,112.0,2,2882.64,1441.32,1
1721,Abigail Clayton,smithmarcus@example.org,2021-01-15,Mumbai,India,35.0,M,184.0,7,4064.81,580.69,1
1722,Daniel Craig,amanda39@example.com,2021-10-19,Melbourne,Australia,45.0,M,368.0,1,929.35,929.35,1
1723,Michelle Ray,kendraharris@example.org,2021-12-07,Manchester,UK,23.0,F,607.0,1,979.37,979.37,1
1724,Joseph Blackburn,chanamber@example.org,2022-05-03,Munich,Germany,50.0,M,345.0,3,1225.23,408.41,1
1725,Ethan Hall,jamesmartin@example.com,2021-06-14,Sydney,Australia,34.0,M,358.0,1,523.97,523.97,1
1726,Thomas Barton,taylorrachel@example.com,2019-06-29,Los Angeles,USA,21.0,F,686.0,2,31272.36,15636.18,1
1727,Travis Johnson,omargriffin@example.com,2023-03-16,Berlin,Germany,75.0,M,95.0,3,2612.36,870.79,1
1728,Ray Lawrence,davisgregory@example.net,2019-03-08,Singapore,Singapore,70.0,F,39.0,2,3537.26,1768.63,1
1729,Barbara Sherman,shepardjoy@example.com,2019-08-23,Manchester,UK,70.0,,276.0,2,2117.39,1058.7,1
1730,Emily Lee,marshmichael@example.com,2021-08-08,Bangkok,Thailand,74.0,M,443.0,1,711.68,711.68,1
1731,Theresa Smith,zlara@example.org,2024-04-08,New York,USA,66.0,M,232.0,1,807.33,807.33,1
1732,Tracy Copeland,pbautista@example.com,2020-09-21,Vancouver,Canada,59.0,F,348.0,3,4432.85,1477.62,1
1733,Michael Santos,bliu@example.com,2019-02-23,New York,USA,66.0,M,177.0,3,926.53,308.84,1
1734,Stephanie Williams,gregorysmith@example.net,2020-10-12,Paris,France,26.0,F,1542.0,0,0.0,0.0,0
1735,Michael Farmer,carlsonjason@example.net,2020-01-30,Manchester,UK,57.0,Other,1798.0,0,0.0,0.0,0
1736,Jacqueline Perry,robertthompson@example.net,2019-09-21,Manchester,UK,40.0,M,264.0,3,3895.71,1298.57,1
1737,Natalie Patrick,michaelbuckley@example.org,2019-11-21,Munich,Germany,30.0,M,459.0,1,1325.05,1325.05,1
1738,Damon Powell,regina49@example.com,2022-03-27,Sydney,Australia,69.0,M,593.0,3,2241.97,747.32,1
1739,Alexander Johnson,jjohnson@example.com,2024-04-26,,USA,29.0,F,45.0,5,5768.9,1153.78,1
1740,James George,ericsmith@example.org,2022-04-30,Singapore,Singapore,17.0,,977.0,0,0.0,0.0,0
1741,William Rodriguez,amarshall@example.net,2021-02-22,Paris,France,63.0,M,54.0,2,506.43,253.22,1
1742,Scott Pacheco,collinsterrance@example.com,2021-01-03,Singapore,Singapore,31.0,F,1459.0,0,0.0,0.0,0
1743,Matthew Diaz,woodskaitlyn@example.net,2020-05-17,Mumbai,India,65.0,F,129.0,2,4723.72,2361.86,1
1744,Daniel Anderson,jeremiahmiller@example.org,2022-07-08,Chicago,USA,56.0,F,202.0,3,3581.88,1193.96,1
1745,Diane Gilbert,jeremylopez@example.net,2022-05-05,Bangkok,Thailand,22.0,F,666.0,1,1267.83,1267.83,1
1746,Michael Murray,kathleen25@example.com,2021-10-09,Los Angeles,USA,74.0,M,403.0,1,958.35,958.35,1
1747,Charles Doyle,adkinslauren@example.net,2021-04-27,New York,USA,47.0,M,686.0,1,1622.97,1622.97,1
1748,Craig White,cynthiaconley@example.org,2023-12-28,Manchester,UK,56.0,F,17.0,2,1548.54,774.27,1
1749,Frank Armstrong,mmathews@example.net,2024-01-25,New York,USA,58.0,F,342.0,0,0.0,0.0,0
1750,Tricia Sullivan,shawnbaker@example.com,2020-12-11,,UK,55.0,M,358.0,2,5775.24,2887.62,1
1751,Douglas Mack,matthew24@example.com,2024-03-12,Vancouver,Canada,28.0,M,25.0,2,2104.84,1052.42,1
1752,Katherine Dunn,barnettmatthew@example.net,2019-11-09,Singapore,Singapore,71.0,F,101.0,2,529.09,264.54,1
1753,Richard Simmons,oconnelldavid@example.org,2020-03-26,Chicago,USA,62.0,F,373.0,3,7091.37,2363.79,1
1754,Sandra Martinez,david54@example.com,2024-05-06,Toronto,Canada,38.0,M,146.0,2,1891.36,945.68,1
1755,William Miller,raymondpugh@example.net,2021-10-12,Singapore,Singapore,48.0,F,1177.0,0,0.0,0.0,0
1756,Ryan Walker,gonzalezjulie@example.net,2022-11-08,Toronto,Canada,41.0,M,98.0,3,1269.92,423.31,1
1757,Brittany Heath,mcbridemichael@example.org,2023-06-15,Chicago,USA,62.0,F,85.0,3,3303.91,1101.3,1
1758,Yolanda Jackson,craigmartin@example.net,2020-07-10,Melbourne,Australia,55.0,F,1022.0,1,1865.9,1865.9,1
1759,Courtney Arias,amberfriedman@example.com,2021-02-04,London,UK,68.0,F,82.0,4,4519.44,1129.86,1
1760,Diana Haley,hphillips@example.com,2020-06-02,Munich,Germany,42.0,M,192.0,2,2178.85,1089.42,1
1761,Julie Taylor,aaron48@example.net,2020-12-22,Munich,Germany,17.0,F,521.0,2,8933.6,4466.8,1
1762,Thomas Austin,brownrobert@example.org,2021-01-02,Chicago,USA,20.0,F,92.0,3,3571.87,1190.62,1
1763,Mr. William Bray,petermoore@example.com,2019-09-08,London,UK,36.0,F,78.0,1,197.7,197.7,1
1764,Corey Flowers,perezstacy@example.org,2023-06-17,Paris,France,73.0,F,136.0,1,1817.01,1817.01,1
1765,Becky Singh,jamiethomas@example.com,2021-12-15,Toronto,Canada,22.0,Other,992.0,1,1690.03,1690.03,1
1766,Alexandra Wilson,alexandria97@example.org,2023-10-28,Singapore,Singapore,52.0,M,78.0,2,2870.44,1435.22,1
1767,Elizabeth Martinez,whernandez@example.net,2023-07-24,London,UK,28.0,M,245.0,2,2973.49,1486.74,1
1768,Dillon Travis,qmassey@example.org,2021-05-12,Vancouver,Canada,23.0,M,498.0,1,1685.95,1685.95,1
1769,Jessica Jackson,oblake@example.net,2022-03-26,Toronto,Canada,,M,1012.0,0,0.0,0.0,0
1770,Zachary Morrison,john76@example.com,2024-02-11,New York,USA,34.0,F,89.0,4,5762.44,1440.61,1
1771,Brian Carrillo,rebecca85@example.com,2024-02-24,,Germany,18.0,M,312.0,0,0.0,0.0,0
1772,Danielle Kelly,garcialinda@example.org,2023-07-02,Mumbai,India,62.0,F,11.0,8,8263.9,1032.99,1
1773,Connie Hamilton,dalton78@example.net,2022-02-13,Los Angeles,USA,47.0,M,3.0,5,6173.81,1234.76,1
1774,Jamie Stone,gwilliams@example.net,2021-10-07,Berlin,Germany,74.0,M,137.0,3,3317.65,1105.88,1
1775,Maria Garcia,wilsonkathryn@example.com,2020-04-03,New York,USA,,F,19.0,3,2496.89,832.3,1
1776,Michelle Munoz,chiggins@example.com,2023-01-23,Melbourne,Australia,30.0,M,121.0,3,2934.62,978.21,1
1777,Jessica Murray,bentleylisa@example.net,2023-07-30,London,UK,16.0,F,499.0,1,355.8,355.8,1
1778,Jessica Odonnell,ashleyjohnson@example.com,2019-03-30,Singapore,Singapore,19.0,F,269.0,3,2860.32,953.44,1
1779,Thomas Pham,qatkinson@example.com,2023-06-10,Paris,France,33.0,M,10.0,3,2866.11,955.37,1
1780,Hailey Beltran,joshuabowers@example.com,2019-09-16,Los Angeles,USA,71.0,M,1934.0,0,0.0,0.0,0
1781,William Baker,jasontownsend@example.net,2021-04-26,Bangkok,Thailand,44.0,F,790.0,3,4114.32,1371.44,1
1782,Natalie Mullins,megangates@example.com,2022-09-16,Berlin,Germany,33.0,F,546.0,1,682.77,682.77,1
1783,Joshua Trujillo,leslietorres@example.net,2023-04-19,Vancouver,Canada,61.0,M,401.0,2,2647.68,1323.84,1
1784,Jared Howell,katherineharris@example.net,2022-08-18,Sydney,Australia,60.0,F,55.0,3,2953.23,984.41,1
1785,Mr. Jeffrey Ward,susanmorris@example.org,2022-10-05,New York,USA,45.0,F,566.0,2,3288.29,1644.14,1
1786,Eric Hunter,katherine82@example.com,2023-07-26,Toronto,Canada,64.0,M,135.0,4,37889.31,9472.33,1
1787,Angela Davis,jphelps@example.net,2022-12-22,Vancouver,Canada,57.0,M,78.0,4,2489.57,622.39,1
1788,Hector Anderson,vgarcia@example.com,2024-02-21,Toronto,Canada,40.0,M,13.0,4,4170.76,1042.69,1
1789,Tricia Nguyen,elizabethhill@example.com,2021-03-30,Singapore,Singapore,20.0,F,98.0,2,2016.22,1008.11,1
1790,Michael Robinson,scottcain@example.org,2022-03-28,Mumbai,India,22.0,M,754.0,2,3377.13,1688.56,1
1791,David Smith,amassey@example.net,2019-02-03,Toronto,Canada,27.0,M,51.0,2,3024.34,1512.17,1
1792,Laura Gutierrez,yburton@example.net,2020-06-27,London,UK,75.0,F,1649.0,0,0.0,0.0,0
1793,Robert Cox,ryan53@example.com,2021-10-25,Manchester,UK,48.0,F,63.0,2,1811.38,905.69,1
1794,Angela Steele,michelle38@example.net,2022-08-21,New York,USA,62.0,F,13.0,3,3577.76,1192.59,1
1795,William Mueller,gnichols@example.net,2022-05-01,Chicago,USA,49.0,F,734.0,2,1277.97,638.98,1
1796,Gregory Park,stevenandrews@example.org,2022-08-16,New York,USA,23.0,F,308.0,2,2946.07,1473.04,1
1797,Jeffrey Garza,bentongeorge@example.net,2020-05-03,Vancouver,Canada,50.0,M,1053.0,1,518.71,518.71,1
1798,Matthew Huang,jdillon@example.org,2021-04-08,Melbourne,Australia,41.0,M,532.0,2,2918.04,1459.02,1
1799,Ana Higgins,stacey09@example.com,2021-10-11,Vancouver,Canada,26.0,F,1178.0,0,0.0,0.0,0
1800,Phillip Anderson,clewis@example.com,2020-08-12,Paris,France,22.0,M,787.0,1,459.63,459.63,1
1801,Megan Rivera,ithomas@example.net,2020-09-17,Melbourne,Australia,26.0,F,48.0,3,1476.61,492.2,1
1802,Shari Arellano,josephmichael@example.org,2021-07-21,Bangkok,Thailand,16.0,F,80.0,2,1689.06,844.53,1
1803,Andrea Brown,ucross@example.org,2023-12-10,Vancouver,Canada,26.0,M,20.0,2,1615.63,807.82,1
1804,Kyle Blake,maryjohnson@example.com,2022-04-09,Berlin,Germany,47.0,F,19.0,1,1971.11,1971.11,1
1805,Evelyn Davis,rberry@example.com,2022-03-07,New York,USA,69.0,M,741.0,2,1701.99,851.0,1
1806,Jane Wells,isaac45@example.org,2019-07-12,Singapore,Singapore,35.0,M,501.0,2,1177.63,588.82,1
1807,Sherry Porter,jorgegonzalez@example.com,2022-01-22,London,UK,58.0,F,625.0,1,1188.63,1188.63,1
1808,Miss Gina Walton,andrew90@example.net,2020-09-08,London,UK,73.0,M,1576.0,0,0.0,0.0,0
1809,Jake Jackson,smithpaul@example.org,2022-05-05,Mumbai,India,23.0,M,376.0,3,1651.16,550.39,1
1810,Laura Brooks,sosajacob@example.net,2024-06-27,Chicago,USA,70.0,F,31.0,2,2186.4,1093.2,1
1811,Mr. William Davis DDS,carolberry@example.com,2020-05-15,New York,USA,63.0,F,110.0,3,5922.73,1974.24,1
1812,Sheryl Thompson,lisawallace@example.net,2020-02-01,Los Angeles,USA,56.0,M,308.0,2,1764.0,882.0,1
1813,Joshua Rubio,aguirrelarry@example.com,2024-01-16,Munich,Germany,72.0,M,92.0,2,1792.21,896.1,1
1814,Michael Lawrence,racheljimenez@example.net,2020-11-09,Bangkok,Thailand,53.0,F,47.0,2,3063.65,1531.82,1
1815,Louis Rogers,jmcfarland@example.com,2022-04-01,New York,USA,60.0,F,117.0,3,5198.83,1732.94,1
1816,Terry Barnett,morganmichael@example.org,2022-03-06,,Germany,34.0,Other,32.0,1,681.9,681.9,1
1817,Katherine Bauer,howardsabrina@example.com,2021-08-13,Chicago,USA,49.0,M,308.0,2,1411.36,705.68,1
1818,Susan Zimmerman,abbottchristopher@example.net,2021-09-24,,Canada,20.0,F,191.0,2,1952.92,976.46,1
1819,Joseph Andrews,psherman@example.org,2023-08-18,Vancouver,Canada,,F,210.0,3,2240.29,746.76,1
1820,Chad Gallagher,sheryl66@example.com,2023-09-05,Sydney,Australia,19.0,F,484.0,0,0.0,0.0,0
1821,John Henry,anna96@example.com,2021-10-25,Mumbai,India,25.0,F,782.0,1,11.58,11.58,1
1822,Dr. Dustin Sutton Jr.,lopezchristopher@example.net,2020-02-07,Melbourne,Australia,53.0,F,610.0,3,1249.3,416.43,1
1823,Laura Thompson,jocelyn80@example.org,2020-12-27,Bangkok,Thailand,67.0,F,1069.0,2,2597.44,1298.72,1
1824,Janice Bell,colongabrielle@example.com,2019-07-20,Bangkok,Thailand,74.0,M,308.0,1,1493.4,1493.4,1
1825,Kelly Thompson,erin03@example.org,2023-11-29,Sydney,Australia,67.0,F,184.0,2,1405.7,702.85,1
1826,Cody Walker,charles37@example.org,2021-05-02,Chicago,USA,28.0,M,89.0,2,1974.74,987.37,1
1827,Lisa Williams,sharris@example.org,2021-08-02,Sydney,Australia,27.0,F,144.0,3,584.41,194.8,1
1828,Abigail Allen,tracey63@example.com,2021-12-14,Chicago,USA,60.0,M,353.0,2,794.63,397.32,1
1829,Jennifer Moore,christyscott@example.com,2020-12-26,Berlin,Germany,45.0,F,743.0,2,1848.1,924.05,1
1830,Michelle Barrera,jamie46@example.net,2019-02-24,Munich,Germany,21.0,F,198.0,3,5313.26,1771.09,1
1831,Rodney Bennett,lisafreeman@example.net,2022-04-03,Toronto,Canada,39.0,M,907.0,1,404.4,404.4,1
1832,Michael Williams,sanderson@example.org,2019-04-20,,Canada,24.0,M,2083.0,0,0.0,0.0,0
1833,Brian Moore,ijones@example.com,2021-11-26,Mumbai,India,,M,267.0,2,576.54,288.27,1
1834,Patrick Moses,smitchell@example.com,2019-08-08,Sydney,Australia,54.0,M,208.0,3,4589.36,1529.79,1
1835,Deborah Juarez,mcarson@example.org,2023-11-06,London,UK,23.0,M,19.0,3,12425.87,4141.96,1
1836,Kathleen Martinez,harrisondaniel@example.org,2022-12-07,New York,USA,49.0,M,525.0,2,396.48,198.24,1
1837,James Miller,allenchristina@example.com,2024-01-08,Toronto,Canada,70.0,M,30.0,3,1986.47,662.16,1
1838,Jessica Hammond,kaylahardy@example.org,2019-01-14,Bangkok,Thailand,55.0,F,350.0,1,1396.21,1396.21,1
1839,Tiffany Peterson,sandra57@example.org,2023-12-08,Paris,France,49.0,M,85.0,4,4359.45,1089.86,1
1840,Amy James,william32@example.net,2021-11-01,Mumbai,India,,F,123.0,3,3175.87,1058.62,1
1841,Matthew Gonzales,pjones@example.net,2023-08-07,Chicago,USA,69.0,M,427.0,2,15585.58,7792.79,1
1842,Kristin Thomas,brian16@example.net,2023-10-26,Berlin,Germany,55.0,F,433.0,0,0.0,0.0,0
1843,Lisa Jackson,mitchell21@example.net,2023-08-04,Chicago,USA,31.0,M,11.0,4,2672.75,668.19,1
1844,James Hart,hmack@example.org,2021-09-10,Berlin,Germany,34.0,M,540.0,2,920.57,460.28,1
1845,Amanda Gardner,banksrenee@example.net,2020-07-17,Sydney,Australia,40.0,F,67.0,2,3760.3,1880.15,1
1846,Diane Jensen,pkent@example.net,2019-10-31,Manchester,UK,34.0,F,826.0,1,1142.27,1142.27,1
1847,David Baird DDS,jcalhoun@example.com,2019-03-11,Vancouver,Canada,57.0,F,433.0,1,942.62,942.62,1
1848,Heather Thomas,sylviaprice@example.com,2020-12-27,Bangkok,Thailand,45.0,F,247.0,1,17.97,17.97,1
1849,Isabel Smith,douglas76@example.net,2021-01-02,Chicago,USA,70.0,M,414.0,2,1608.94,804.47,1
1850,Sarah Archer,marygomez@example.com,2021-03-10,Munich,Germany,20.0,M,98.0,3,2515.48,838.49,1
1851,Jason Quinn,dfarley@example.com,2020-11-25,Paris,France,61.0,M,440.0,3,2025.21,675.07,1
1852,Maurice Anderson,johnmarquez@example.net,2020-09-12,Sydney,Australia,20.0,F,212.0,1,3486.65,3486.65,1
1853,Shane Hopkins,rachel86@example.com,2022-05-25,Berlin,Germany,27.0,M,31.0,3,1804.11,601.37,1
1854,Cindy Thomas,danielsshaun@example.net,2020-06-14,Munich,Germany,60.0,F,54.0,4,36344.77,9086.19,1
1855,Curtis Morgan,donnagiles@example.com,2023-08-27,Paris,France,,F,415.0,1,1456.04,1456.04,1
1856,Jeremy Benson,lbradley@example.com,2022-09-24,Los Angeles,USA,47.0,M,830.0,0,0.0,0.0,0
1857,Miss Patricia Davidson,edwardstewart@example.org,2023-07-14,Singapore,Singapore,22.0,M,537.0,0,0.0,0.0,0
1858,Bianca Velazquez,cheryl98@example.net,2024-06-16,Singapore,Singapore,75.0,F,10.0,1,1373.05,1373.05,1
1859,Amanda Davis,milleralan@example.org,2023-03-16,Mumbai,India,44.0,M,657.0,0,0.0,0.0,0
1860,Brandon Huynh,james23@example.com,2019-12-23,Bangkok,Thailand,22.0,,91.0,3,13564.18,4521.39,1
1861,Heidi Blankenship,talvarez@example.org,2022-02-13,Paris,France,28.0,F,661.0,1,1814.4,1814.4,1
1862,Brian Hoffman,frankwilson@example.net,2023-02-28,Toronto,Canada,43.0,F,673.0,0,0.0,0.0,0
1863,Justin Fuller,hannah31@example.net,2019-02-19,Paris,France,58.0,F,2143.0,0,0.0,0.0,0
1864,Susan Davis,taylorparker@example.com,2021-01-06,New York,USA,52.0,F,452.0,2,2886.91,1443.46,1
1865,Randall Willis,sarah99@example.org,2024-05-15,Melbourne,Australia,49.0,M,186.0,1,154.6,154.6,1
1866,Alejandro Vasquez,nicole15@example.org,2021-10-22,Berlin,Germany,38.0,F,1167.0,0,0.0,0.0,0
1867,Marcus Byrd,danieldonovan@example.net,2021-06-17,Los Angeles,USA,56.0,F,363.0,2,3875.89,1937.94,1
1868,Mark Carter,gomeztonya@example.com,2021-11-25,Singapore,Singapore,22.0,M,299.0,4,3148.25,787.06,1
1869,Steven Butler,michaelking@example.net,2019-02-16,London,UK,68.0,F,639.0,1,346.63,346.63,1
1870,Joseph Moon,kflores@example.org,2021-01-02,Melbourne,Australia,71.0,F,564.0,3,9972.38,3324.13,1
1871,Melody Baker,rmorgan@example.net,2020-05-09,Paris,France,75.0,M,97.0,3,12511.1,4170.37,1
1872,Mary Hopkins MD,andersontiffany@example.net,2022-11-29,Munich,Germany,53.0,F,738.0,1,246.7,246.7,1
1873,Kenneth Turner,rebeccajames@example.org,2019-03-08,New York,USA,42.0,M,680.0,1,942.05,942.05,1
1874,Debra Brooks,linda66@example.net,2020-02-23,Chicago,USA,68.0,M,468.0,2,1454.68,727.34,1
1875,Tommy Ball,tracyadams@example.com,2019-05-08,Bangkok,Thailand,47.0,M,779.0,3,3368.56,1122.85,1
1876,Angela Wade,michelle10@example.org,2023-09-07,Melbourne,Australia,38.0,M,142.0,2,2233.46,1116.73,1
1877,Ashley Jones,calvin93@example.org,2024-03-18,Paris,France,72.0,F,131.0,2,282.85,141.43,1
1878,Alexandra Smith,molly91@example.org,2019-08-02,New York,USA,47.0,F,546.0,4,4047.35,1011.84,1
1879,Tracie Costa,kristi19@example.org,2023-05-20,,Canada,17.0,M,237.0,1,943.9,943.9,1
1880,Charles Hardin,lopezjennifer@example.org,2021-12-30,Toronto,Canada,71.0,F,18.0,3,2836.74,945.58,1
1881,Rickey Hall,lovepaul@example.net,2019-04-17,Berlin,Germany,65.0,M,748.0,4,2177.33,544.33,1
1882,Karen Gonzalez,ljacobs@example.com,2019-10-10,Munich,Germany,44.0,M,388.0,1,1622.69,1622.69,1
1883,Michael Hancock,ramoswilliam@example.org,2020-02-01,London,UK,43.0,F,63.0,2,3092.55,1546.28,1
1884,Craig Thomas,hollywarner@example.org,2020-04-10,New York,USA,63.0,M,666.0,1,14.73,14.73,1
1885,Samuel Avila,franciscoreid@example.net,2023-07-01,New York,USA,71.0,F,126.0,2,257.98,128.99,1
1886,Jason Davidson,ronaldsummers@example.net,2021-06-17,Chicago,USA,,M,364.0,2,2745.02,1372.51,1
1887,Adam Zamora,juan21@example.org,2020-08-21,Toronto,Canada,54.0,M,337.0,2,833.69,416.84,1
1888,Gregory Quinn,wmiller@example.net,2020-05-27,Los Angeles,USA,29.0,F,493.0,1,1097.34,1097.34,1
1889,William Craig,brianna59@example.net,2023-10-25,Bangkok,Thailand,44.0,M,114.0,3,6252.49,2084.16,1
1890,Laura Acosta,shannon75@example.com,2023-11-15,Vancouver,Canada,31.0,M,15.0,3,6320.83,2106.94,1
1891,John Gardner,jeremyjackson@example.net,2019-08-02,Munich,Germany,38.0,M,772.0,1,1709.08,1709.08,1
1892,John Murray,dford@example.com,2019-06-10,Vancouver,Canada,74.0,F,230.0,3,2453.15,817.72,1
1893,Oscar Cruz,markskristina@example.com,2022-02-06,Melbourne,Australia,23.0,F,252.0,4,6830.28,1707.57,1
1894,Lynn Ross MD,edwardshah@example.org,2022-12-01,Toronto,Canada,57.0,F,240.0,4,3824.76,956.19,1
1895,James Hernandez,james76@example.org,2019-03-11,Mumbai,India,33.0,,253.0,2,1999.66,999.83,1
1896,Tyler Dunn,jameslawson@example.com,2020-07-25,New York,USA,40.0,F,250.0,3,1136.89,378.96,1
1897,Travis Moore,gomezdaniel@example.com,2020-04-04,New York,USA,40.0,F,515.0,3,35495.24,11831.75,1
1898,Lisa Thomas,alara@example.com,2019-03-06,,Canada,64.0,M,364.0,2,4719.82,2359.91,1
1899,Eric Moore,gabriella69@example.org,2020-11-19,Bangkok,Thailand,67.0,F,269.0,2,1188.05,594.02,1
1900,Kendra Peterson,lindsay25@example.net,2023-08-26,Melbourne,Australia,43.0,Other,494.0,0,0.0,0.0,0
1901,Amy West,usanchez@example.net,2019-04-27,Singapore,Singapore,51.0,M,89.0,3,7194.71,2398.24,1
1902,Shane Edwards,jbuchanan@example.com,2024-04-04,Mumbai,India,45.0,M,272.0,0,0.0,0.0,0
1903,Erin Lee,tammyharrington@example.net,2019-11-29,Vancouver,Canada,45.0,F,163.0,2,1781.05,890.52,1
1904,Crystal Watkins,lisawright@example.net,2020-07-28,New York,USA,21.0,F,770.0,3,939.57,313.19,1
1905,Alec Dixon,cruzeddie@example.com,2021-03-19,Paris,France,55.0,F,38.0,2,1909.72,954.86,1
1906,John Morrison,carl63@example.com,2023-07-18,Sydney,Australia,16.0,F,423.0,2,1638.67,819.34,1
1907,Helen Strickland,owright@example.org,2023-10-02,Vancouver,Canada,44.0,M,167.0,3,4591.3,1530.43,1
1908,Roger Olson,kristenfrye@example.com,2021-09-10,London,UK,70.0,M,583.0,2,1530.5,765.25,1
1909,Miss Kimberly Holloway,susanharper@example.org,2020-07-20,Los Angeles,USA,51.0,F,64.0,2,4057.82,2028.91,1
1910,Antonio Dyer,john66@example.net,2023-05-31,Singapore,Singapore,32.0,M,336.0,1,739.72,739.72,1
1911,Alexandra Green,kennethjohnson@example.net,2023-11-20,Chicago,USA,,F,62.0,3,12399.63,4133.21,1
1912,Angela Marshall,seanreyes@example.org,2021-11-03,Sydney,Australia,53.0,F,308.0,2,3134.91,1567.46,1
1913,Olivia Rodriguez,stephen39@example.com,2020-06-14,Melbourne,Australia,17.0,F,446.0,2,2034.41,1017.2,1
1914,Kevin Morris,martinezmindy@example.net,2019-04-02,Melbourne,Australia,31.0,F,577.0,2,848.12,424.06,1
1915,Charles Decker,opierce@example.com,2019-06-08,Munich,Germany,29.0,M,241.0,3,1370.04,456.68,1
1916,Jennifer Nguyen,schneidermario@example.net,2019-05-27,Manchester,UK,43.0,F,671.0,1,774.87,774.87,1
1917,Jorge Sharp,tylermcintosh@example.org,2021-01-07,Singapore,Singapore,42.0,Other,457.0,2,2881.28,1440.64,1
1918,Joseph Bentley,christopherward@example.com,2022-06-27,Vancouver,Canada,26.0,F,88.0,1,43.2,43.2,1
1919,Jason Potter,dmorales@example.net,2019-02-22,Paris,France,54.0,M,548.0,2,935.98,467.99,1
1920,Richard Neal,olsenshane@example.org,2021-11-06,Melbourne,Australia,61.0,M,285.0,2,3753.18,1876.59,1
1921,Sheila Perez,newmanangela@example.org,2022-09-07,New York,USA,40.0,,74.0,3,3713.15,1237.72,1
1922,Melissa Mendoza,robinsonjesse@example.org,2020-04-04,Bangkok,Thailand,48.0,M,109.0,4,10958.17,2739.54,1
1923,Brenda Flores,qavila@example.com,2023-02-10,Munich,Germany,70.0,M,456.0,2,568.79,284.4,1
1924,Ralph Vasquez,cpierce@example.org,2021-12-10,Sydney,Australia,44.0,M,251.0,5,8313.18,1662.64,1
1925,Christine Aguilar,baileychristopher@example.com,2020-05-14,Bangkok,Thailand,31.0,F,557.0,2,1240.4,620.2,1
1926,Sandra Sanders,amandaherman@example.net,2023-03-13,London,UK,60.0,M,312.0,3,3460.36,1153.45,1
1927,Deborah Brooks,mmoore@example.net,2019-06-13,London,UK,51.0,M,202.0,2,1588.55,794.28,1
1928,Craig Hurst,swilson@example.com,2020-04-16,Paris,France,66.0,M,1721.0,0,0.0,0.0,0
1929,Larry Curtis,hharris@example.org,2024-03-10,Chicago,USA,31.0,M,38.0,7,6610.94,944.42,1
1930,Brian Fitzpatrick,jameshudson@example.net,2022-05-25,Chicago,USA,66.0,F,952.0,0,0.0,0.0,0
1931,Michael Lewis,michael03@example.net,2021-10-31,Manchester,UK,52.0,F,131.0,2,2954.08,1477.04,1
1932,Sarah Robinson,collinsjavier@example.org,2023-11-30,Chicago,USA,16.0,M,41.0,2,3881.94,1940.97,1
1933,Christine Arroyo,dcortez@example.com,2024-03-19,Melbourne,Australia,63.0,M,288.0,0,0.0,0.0,0
1934,Carmen Vasquez,laura31@example.net,2022-11-14,New York,USA,20.0,M,234.0,1,1650.16,1650.16,1
1935,Aaron Johnson,vincentstacey@example.org,2021-05-14,Bangkok,Thailand,24.0,M,368.0,1,2060.04,2060.04,1
1936,James Carroll,coltonrichardson@example.net,2020-11-20,Los Angeles,USA,53.0,M,455.0,1,2254.82,2254.82,1
1937,Jay Walter,ramirezdesiree@example.com,2023-02-21,Los Angeles,USA,44.0,M,216.0,3,4472.74,1490.91,1
1938,Stephanie Turner,stephen31@example.net,2020-08-15,Manchester,UK,60.0,M,811.0,2,1742.21,871.1,1
1939,Melanie Johnson,hthompson@example.org,2023-08-07,,Thailand,21.0,M,71.0,1,2222.36,2222.36,1
1940,Jordan Tanner,joseph97@example.org,2022-08-22,Sydney,Australia,40.0,M,86.0,6,14953.31,2492.22,1
1941,Brittany Brown,fjohnson@example.com,2024-04-18,Vancouver,Canada,30.0,M,37.0,4,2793.92,698.48,1
1942,Jennifer Dudley,douglassusan@example.com,2021-12-11,Bangkok,Thailand,48.0,F,452.0,3,2031.4,677.13,1
1943,Michelle Harris,andrew43@example.org,2023-03-31,London,UK,,M,642.0,0,0.0,0.0,0
1944,Rita Forbes,russomary@example.com,2020-03-07,Melbourne,Australia,49.0,F,782.0,2,2908.89,1454.44,1
1945,Michele Conner,mitchellchristopher@example.com,2020-08-06,London,UK,23.0,F,393.0,1,903.18,903.18,1
1946,John Martin,jessica82@example.com,2020-08-13,Chicago,USA,54.0,M,411.0,1,915.01,915.01,1
1947,Hannah Thompson,wwatson@example.com,2019-07-16,Chicago,USA,51.0,F,19.0,3,2812.7,937.57,1
1948,Michael Preston,bward@example.org,2019-03-23,,Thailand,50.0,M,365.0,1,559.23,559.23,1
1949,Stacey Cook,debbie78@example.net,2021-01-26,New York,USA,34.0,M,1436.0,0,0.0,0.0,0
1950,Andrew Hunter,carolfernandez@example.net,2019-09-16,Munich,Germany,34.0,M,985.0,1,621.16,621.16,1
1951,Robert Taylor,makaylasanders@example.com,2021-06-29,Los Angeles,USA,47.0,,48.0,3,1350.7,450.23,1
1952,Wanda Stephens,johnstonjonathan@example.net,2022-10-01,Melbourne,Australia,38.0,F,823.0,0,0.0,0.0,0
1953,Carmen Perez,tracy55@example.net,2020-10-31,Los Angeles,USA,48.0,M,623.0,1,214.76,214.76,1
1954,Kelly Weiss,barbarabrady@example.net,2023-05-11,Sydney,Australia,61.0,F,23.0,3,1767.45,589.15,1
1955,Ashley Bowman,barrytanya@example.org,2024-03-24,Los Angeles,USA,36.0,M,199.0,1,1222.03,1222.03,1
1956,Thomas Neal MD,nturner@example.net,2019-03-14,Sydney,Australia,,F,92.0,2,1314.42,657.21,1
1957,Tiffany Lee,johnsondavid@example.org,2022-10-11,Toronto,Canada,32.0,F,572.0,3,2675.81,891.94,1
1958,Melanie Jones,btapia@example.com,2020-08-01,Berlin,Germany,28.0,M,547.0,2,2600.32,1300.16,1
1959,Alexandra Harper,paul34@example.com,2023-03-15,Melbourne,Australia,16.0,M,271.0,1,1638.68,1638.68,1
1960,Tamara Reid,sheltontiffany@example.com,2019-12-31,Melbourne,Australia,42.0,M,342.0,2,1719.44,859.72,1
1961,Andre Haynes,xmullins@example.org,2022-07-30,Toronto,Canada,46.0,M,815.0,1,1480.8,1480.8,1
1962,Kevin Gilmore,yvang@example.org,2020-04-19,Mumbai,India,58.0,F,1718.0,0,0.0,0.0,0
1963,Olivia Miller,amy13@example.net,2022-01-17,London,UK,34.0,M,535.0,2,2258.09,1129.04,1
1964,Lynn Davis,pcurry@example.net,2023-04-14,Singapore,Singapore,42.0,M,192.0,2,2037.94,1018.97,1
1965,Mrs. Emily Waters,arobinson@example.org,2019-12-27,Los Angeles,USA,36.0,F,73.0,3,2278.39,759.46,1
1966,Carl Huffman,wallssean@example.net,2023-05-04,Chicago,USA,69.0,F,7.0,3,2094.32,698.11,1
1967,Donald Cunningham,kingdavid@example.net,2019-03-01,Toronto,Canada,33.0,M,234.0,3,2837.61,945.87,1
1968,Steven Carter Jr.,carolyn61@example.net,2022-02-25,New York,USA,32.0,M,888.0,1,1549.73,1549.73,1
1969,Ryan Gonzalez,ywright@example.net,2021-03-27,Manchester,UK,,F,58.0,2,2444.32,1222.16,1
1970,Susan Barton,turnerjeffrey@example.net,2023-08-04,Sydney,Australia,35.0,M,28.0,4,2623.33,655.83,1
1971,Katherine Reeves,garciadonald@example.net,2020-02-27,Munich,Germany,23.0,F,154.0,6,4806.25,801.04,1
1972,Lisa Johnson,srichardson@example.com,2022-01-10,Paris,France,,M,13.0,6,4614.08,769.01,1
1973,Joseph Benson,barnesarthur@example.com,2024-02-12,London,UK,65.0,F,18.0,4,2339.52,584.88,1
1974,Jennifer Brown,natalie57@example.com,2021-01-11,Toronto,Canada,28.0,F,228.0,4,2014.26,503.56,1
1975,Dana Reilly,davidmartin@example.net,2020-04-14,Melbourne,Australia,67.0,F,99.0,3,3111.39,1037.13,1
1976,Craig Keller,angela71@example.net,2023-02-10,,Germany,,Other,160.0,2,986.74,493.37,1
1977,Jason Castro,jamesevans@example.net,2021-10-24,Los Angeles,USA,66.0,F,182.0,1,253.7,253.7,1
1978,Alexandra Brown,rodriguezelizabeth@example.net,2022-07-17,Toronto,Canada,18.0,M,574.0,2,2147.83,1073.92,1
1979,Elizabeth Cain,samantha73@example.org,2021-03-31,Sydney,Australia,68.0,F,825.0,3,4747.64,1582.55,1
1980,Karen Lewis,paulschultz@example.net,2021-10-30,Los Angeles,USA,,M,328.0,1,1464.16,1464.16,1
1981,Andrea Estrada,michellejones@example.net,2019-07-15,Chicago,USA,66.0,M,30.0,7,6225.76,889.39,1
1982,Angel Martin DDS,xfranco@example.org,2020-10-24,Singapore,Singapore,48.0,F,442.0,1,993.6,993.6,1
1983,Jennifer Goodwin,harrellkimberly@example.org,2020-06-25,Los Angeles,USA,52.0,F,305.0,1,1075.01,1075.01,1
1984,Nicholas Brooks,oobrien@example.net,2022-02-22,Manchester,UK,46.0,M,81.0,2,626.43,313.21,1
1985,Karen Avery,wlucas@example.net,2019-02-05,Manchester,UK,62.0,M,829.0,2,2608.43,1304.21,1
1986,Kyle Roberts,reynoldsanthony@example.org,2021-07-15,Los Angeles,USA,52.0,F,641.0,1,828.81,828.81,1
1987,Michele Waters,woodphillip@example.com,2021-09-03,London,UK,22.0,M,131.0,1,827.9,827.9,1
1988,Victoria Peterson,samantha78@example.com,2019-07-15,Los Angeles,USA,26.0,M,276.0,2,364.65,182.32,1
1989,Seth Barker,taylordavis@example.com,2019-10-17,Los Angeles,USA,55.0,M,184.0,2,2039.46,1019.73,1
1990,Kim Jensen,kingjoseph@example.com,2020-04-21,Singapore,Singapore,65.0,M,1716.0,0,0.0,0.0,0
1991,Linda Perez,rebecca93@example.com,2019-11-05,Mumbai,India,36.0,M,164.0,3,2291.17,763.72,1
1992,Cheryl Rogers,mramirez@example.com,2022-11-14,Vancouver,Canada,64.0,M,168.0,3,12127.88,4042.63,1
1993,Chelsea Austin,leahbarker@example.org,2020-04-27,Sydney,Australia,45.0,M,1015.0,1,70254.39,70254.39,1
1994,Heather Daniels,james79@example.net,2019-06-16,Melbourne,Australia,43.0,M,835.0,2,3337.79,1668.9,1
1995,Nathaniel Walter,jamietyler@example.com,2021-11-30,Chicago,USA,26.0,F,419.0,5,34805.48,6961.1,1
1996,Matthew Crawford,peterlove@example.net,2021-05-18,Bangkok,Thailand,26.0,F,1324.0,0,0.0,0.0,0
1997,Glenn Scott,kingtammy@example.net,2022-01-25,Mumbai,India,,,1072.0,0,0.0,0.0,0
1998,Mrs. Chelsea Villa,jgibson@example.net,2024-03-03,Melbourne,Australia,49.0,M,56.0,2,778.72,389.36,1
1999,Kayla Fisher,brent67@example.net,2019-10-17,Chicago,USA,49.0,,325.0,6,38890.86,6481.81,1
2000,Jeffrey Edwards,herbertward@example.org,2021-11-29,London,UK,32.0,F,358.0,2,1426.81,713.4,1
2001,Benjamin Rodriguez,david16@example.org,2023-01-14,Melbourne,Australia,26.0,F,405.0,1,239.29,239.29,1
2002,Matthew Brown,morganclaudia@example.com,2020-01-03,Manchester,UK,46.0,F,103.0,2,2229.37,1114.68,1
2003,David Robinson,sarah53@example.org,2020-02-13,Toronto,Canada,50.0,M,269.0,1,248.94,248.94,1
2004,Kevin Farmer,lindabryan@example.org,2019-11-17,Paris,France,38.0,F,594.0,1,357.26,357.26,1
2005,Alicia Martin,lisa11@example.org,2024-03-15,New York,USA,33.0,F,104.0,3,3111.4,1037.13,1
2006,Connie Stevens,patricialowery@example.com,2020-09-18,Melbourne,Australia,55.0,M,1566.0,0,0.0,0.0,0
2007,David Parker,ogriffin@example.org,2022-09-12,Sydney,Australia,20.0,F,842.0,0,0.0,0.0,0
2008,Jennifer Wallace,jocelyncruz@example.net,2020-06-22,Chicago,USA,22.0,M,224.0,2,1199.11,599.55,1
2009,Allison Hubbard,nicolehenry@example.net,2020-11-07,Manchester,UK,65.0,,128.0,2,9135.71,4567.85,1
2010,Alex Romero,mmassey@example.org,2023-11-20,Melbourne,Australia,58.0,F,408.0,0,0.0,0.0,0
2011,Michael Burke,zjackson@example.org,2020-03-19,Toronto,Canada,75.0,F,794.0,2,3952.04,1976.02,1
2012,Harry Hill,rachel69@example.com,2019-01-01,Mumbai,India,20.0,M,60.0,4,4420.91,1105.23,1
2013,Melissa Elliott,chavezlauren@example.com,2021-05-21,Berlin,Germany,36.0,F,252.0,4,5308.89,1327.22,1
2014,Heather Smith,bramsey@example.org,2021-02-11,Manchester,UK,61.0,M,793.0,1,1927.84,1927.84,1
2015,Gregory Adams,timothy23@example.net,2019-06-10,Munich,Germany,69.0,M,2032.0,0,0.0,0.0,0
2016,Linda Patrick,wernermichael@example.org,2022-12-27,Vancouver,Canada,69.0,M,612.0,2,1450.61,725.3,1
2017,Thomas Davis,wrightalicia@example.com,2022-11-04,Vancouver,Canada,51.0,F,116.0,5,4018.95,803.79,1
2018,Edward Garrison,garrett13@example.org,2021-01-18,Mumbai,India,65.0,F,69.0,4,3719.0,929.75,1
2019,Laura Logan,keithharrison@example.com,2023-11-30,Munich,Germany,40.0,,75.0,3,2392.32,797.44,1
2020,Cynthia Morton,carriejones@example.org,2021-06-24,Toronto,Canada,49.0,F,396.0,1,930.09,930.09,1
2021,Richard Ferguson,xtran@example.net,2021-01-25,Bangkok,Thailand,48.0,F,83.0,3,3527.4,1175.8,1
2022,Joseph Lopez,nguyengeorge@example.com,2022-08-07,Vancouver,Canada,,F,399.0,1,908.39,908.39,1
2023,Alicia Wagner,longgary@example.com,2019-04-28,Sydney,Australia,,M,103.0,2,2367.4,1183.7,1
2024,Carlos Hensley,audrey47@example.org,2022-07-18,Paris,France,47.0,M,898.0,0,0.0,0.0,0
2025,Michael Reeves,daniellewebster@example.org,2023-07-12,Munich,Germany,18.0,M,97.0,1,1020.78,1020.78,1
2026,Mrs. Donna Rice,zbyrd@example.net,2023-02-16,Melbourne,Australia,71.0,M,10.0,2,2079.0,1039.5,1
2027,Jennifer Warren,kristin96@example.com,2019-04-25,Los Angeles,USA,56.0,M,15.0,2,3091.85,1545.92,1
2028,Jennifer Gordon,cmartinez@example.org,2023-10-13,,Canada,57.0,M,349.0,1,1434.83,1434.83,1
2029,Zachary Wilkinson,munozrobert@example.com,2024-01-17,Mumbai,India,73.0,M,11.0,1,2074.0,2074.0,1
2030,Alexander Freeman,lewiskimberly@example.org,2021-11-23,London,UK,58.0,M,204.0,1,745.6,745.6,1
2031,Kevin Blake,deborahturner@example.org,2020-01-31,Los Angeles,USA,25.0,F,126.0,3,2770.94,923.65,1
2032,Steven Mckee,tommy77@example.com,2022-05-31,Vancouver,Canada,60.0,M,946.0,0,0.0,0.0,0
2033,Julie Perry,sanchezdustin@example.net,2024-04-11,Mumbai,India,35.0,F,77.0,3,3333.84,1111.28,1
2034,Elizabeth Brown,pblankenship@example.com,2023-09-09,Paris,France,52.0,M,87.0,3,3919.57,1306.52,1
2035,Edward Nicholson,ewilliams@example.org,2023-02-03,Chicago,USA,27.0,F,409.0,2,381.14,190.57,1
2036,Corey Weeks,alexgarcia@example.net,2023-06-04,Chicago,USA,29.0,M,215.0,4,2131.83,532.96,1
2037,Debra Johnson,crystalwatson@example.com,2020-09-22,Toronto,Canada,73.0,M,348.0,3,3742.58,1247.53,1
2038,Robert Stevens,justin08@example.net,2019-04-20,Vancouver,Canada,61.0,M,113.0,1,1937.69,1937.69,1
2039,Jeffrey Freeman,estradaamy@example.net,2020-04-07,Manchester,UK,33.0,F,268.0,2,1976.06,988.03,1
2040,Andrea Donaldson,trivera@example.com,2021-06-19,Melbourne,Australia,21.0,F,1292.0,0,0.0,0.0,0
2041,Madison Thomas,christopherreyes@example.com,2021-12-07,Sydney,Australia,69.0,F,286.0,1,530.23,530.23,1
2042,Andrew Smith,jameshudson@example.com,2022-04-13,Mumbai,India,25.0,M,670.0,1,2318.04,2318.04,1
2043,Sonya Simmons,veronica30@example.org,2022-08-16,London,UK,29.0,M,869.0,0,0.0,0.0,0
2044,Andrew Acosta,robinsonrose@example.org,2023-06-15,Melbourne,Australia,21.0,F,430.0,1,6.81,6.81,1
2045,Katherine Miller,vcain@example.net,2019-03-06,Vancouver,Canada,49.0,F,305.0,1,703.66,703.66,1
2046,Jacqueline Harrison,barbara85@example.net,2020-10-23,Paris,France,52.0,F,66.0,2,451.13,225.56,1
2047,Kelsey Contreras,linda33@example.org,2019-08-03,,Australia,38.0,F,157.0,4,5027.55,1256.89,1
2048,Dillon Case,victor60@example.net,2020-11-20,London,UK,73.0,F,1503.0,0,0.0,0.0,0
2049,Scott Rodriguez,angelarichard@example.org,2022-01-24,Berlin,Germany,,F,440.0,2,1516.4,758.2,1
2050,Danielle Stein,terrywilliam@example.com,2022-11-23,Paris,France,62.0,F,274.0,3,6140.81,2046.94,1
2051,Jennifer Rivera,sanchezcindy@example.net,2022-05-15,London,UK,46.0,,248.0,4,2483.86,620.96,1
2052,Erik Small,bsullivan@example.org,2020-04-24,Bangkok,Thailand,22.0,,156.0,3,3163.5,1054.5,1
2053,William Cook,david37@example.com,2022-04-29,Manchester,UK,26.0,M,70.0,1,1499.01,1499.01,1
2054,Jennifer Lewis,satkinson@example.org,2024-04-14,Melbourne,Australia,28.0,F,138.0,4,5332.01,1333.0,1
2055,Carmen Moore,brittney11@example.org,2020-11-13,Sydney,Australia,21.0,M,1510.0,0,0.0,0.0,0
2056,Omar Hernandez,fvasquez@example.net,2021-03-21,Berlin,Germany,,M,95.0,3,3796.67,1265.56,1
2057,Wendy Smith,antoniocarter@example.com,2020-09-21,Vancouver,Canada,27.0,F,1563.0,0,0.0,0.0,0
2058,Tamara Graves,williamspatricia@example.com,2019-11-12,,Canada,70.0,F,487.0,1,1030.52,1030.52,1
2059,Zachary Miller,mendezlori@example.org,2021-08-22,Los Angeles,USA,59.0,M,40.0,4,1890.75,472.69,1
2060,Stephanie Holloway,lrodriguez@example.com,2023-08-30,Manchester,UK,61.0,F,171.0,2,2847.88,1423.94,1
2061,Kelly Decker,dillon79@example.com,2023-04-12,London,UK,41.0,M,538.0,2,973.98,486.99,1
2062,Ricardo Robertson,sobrien@example.com,2023-11-23,Melbourne,Australia,54.0,M,45.0,1,1126.24,1126.24,1
2063,Samuel Ortega,wpatrick@example.net,2024-06-10,Melbourne,Australia,17.0,M,193.0,1,2067.72,2067.72,1
2064,Matthew Briggs,proman@example.com,2021-01-11,London,UK,48.0,M,700.0,1,570.07,570.07,1
2065,Christine Murray,benjaminbrown@example.org,2019-06-08,Bangkok,Thailand,30.0,F,12.0,2,1810.71,905.36,1
2066,Zachary Martinez,campbellmarvin@example.com,2019-07-10,Manchester,UK,40.0,F,257.0,1,2526.84,2526.84,1
2067,Michelle Graham,spearselizabeth@example.net,2022-10-14,Manchester,UK,18.0,F,810.0,0,0.0,0.0,0
2068,Laurie Pineda,pauladouglas@example.com,2022-10-29,Manchester,UK,69.0,F,45.0,3,14160.52,4720.17,1
2069,Corey Jones,randalllinda@example.com,2019-07-27,Melbourne,Australia,71.0,F,52.0,3,1926.18,642.06,1
2070,Jonathan Barrett,ubowers@example.com,2022-03-22,,USA,40.0,M,79.0,3,4506.08,1502.03,1
2071,Gabriel Levy,wbarrett@example.net,2021-04-02,Sydney,Australia,,M,153.0,1,199.36,199.36,1
2072,Catherine Booth,stephanieperry@example.com,2022-05-21,Los Angeles,USA,48.0,F,892.0,1,1850.88,1850.88,1
2073,Felicia Williams,johnmunoz@example.com,2024-06-13,Munich,Germany,23.0,M,97.0,2,5726.92,2863.46,1
2074,Michelle Butler,welchjennifer@example.net,2023-11-18,Manchester,UK,,M,86.0,6,5031.76,838.63,1
2075,Aaron Webb,jasoncook@example.net,2020-02-09,Vancouver,Canada,68.0,F,1788.0,0,0.0,0.0,0
2076,Natasha Hill,lpreston@example.net,2020-07-30,Berlin,Germany,23.0,F,99.0,2,1351.48,675.74,1
2077,Christina Carrillo,gibsonjennifer@example.net,2022-11-06,Paris,France,32.0,M,8.0,4,7154.94,1788.74,1
2078,Zachary Bryant,marvin69@example.net,2022-01-16,New York,USA,27.0,F,149.0,4,4720.95,1180.24,1
2079,Amy Gallegos,mhickman@example.net,2022-07-26,Vancouver,Canada,54.0,M,235.0,2,1644.45,822.22,1
2080,Ethan Garza,pbaker@example.org,2020-05-24,Manchester,UK,21.0,F,958.0,2,1888.8,944.4,1
2081,Mary Riley,hbaker@example.org,2021-06-01,Berlin,Germany,38.0,F,79.0,3,1320.41,440.14,1
2082,Trevor Cole,dsmith@example.org,2024-01-25,Mumbai,India,52.0,F,38.0,3,5353.44,1784.48,1
2083,Denise Olsen,usmith@example.net,2022-06-01,Chicago,USA,67.0,,295.0,1,448.56,448.56,1
2084,Patricia Alvarado,nzhang@example.net,2020-11-22,Los Angeles,USA,63.0,F,371.0,3,3008.45,1002.82,1
2085,Donna Wilson,saraprice@example.net,2020-06-10,Melbourne,Australia,63.0,F,21.0,2,749.3,374.65,1
2086,Joshua Gonzalez,pmiller@example.org,2023-06-14,Los Angeles,USA,52.0,M,567.0,0,0.0,0.0,0
2087,Alicia Anderson,gary44@example.com,2023-06-14,Mumbai,India,60.0,M,274.0,2,858.15,429.08,1
2088,Jeffery Daniel,connor44@example.net,2024-03-30,Singapore,Singapore,33.0,F,153.0,2,1157.66,578.83,1
2089,Margaret Jones,morganfarrell@example.org,2019-04-04,Sydney,Australia,41.0,F,390.0,1,1230.24,1230.24,1
2090,Andrea Townsend,tammy17@example.com,2020-02-29,Manchester,UK,66.0,F,404.0,1,747.77,747.77,1
2091,Ralph Chan,edixon@example.net,2023-06-07,Paris,France,36.0,M,526.0,2,1112.02,556.01,1
2092,Rachel Kelly,gomezpaul@example.org,2019-05-11,Toronto,Canada,34.0,M,5.0,1,1470.07,1470.07,1
2093,Danielle Smith,gayfrancis@example.com,2022-07-24,Manchester,UK,37.0,M,614.0,2,2506.69,1253.34,1
2094,Robert Nichols,writter@example.net,2020-11-28,London,UK,38.0,M,416.0,1,533.81,533.81,1
2095,Gerald Price,ggarcia@example.com,2020-03-07,Berlin,Germany,60.0,F,681.0,1,3142.98,3142.98,1
2096,Connor Walsh,cherryjulie@example.net,2023-10-12,Sydney,Australia,21.0,F,317.0,1,756.22,756.22,1
2097,Phyllis Grant,phughes@example.com,2023-03-12,Toronto,Canada,39.0,F,661.0,0,0.0,0.0,0
2098,Andrew Chavez,duncanandre@example.net,2019-03-02,Berlin,Germany,55.0,M,23.0,1,342.3,342.3,1
2099,Mariah Perry,montesmichelle@example.org,2023-04-16,Manchester,UK,64.0,M,528.0,1,3481.66,3481.66,1
2100,Brendan Meyer,watkinsthomas@example.net,2021-02-07,Toronto,Canada,24.0,F,836.0,1,241.02,241.02,1
2101,Molly Peterson DDS,hartmandanielle@example.org,2020-03-23,Manchester,UK,23.0,F,1745.0,0,0.0,0.0,0
2102,Rodney Carter,brownkevin@example.org,2023-02-13,Singapore,Singapore,51.0,F,400.0,3,3821.48,1273.83,1
2103,Robyn Kidd,matthew61@example.net,2020-07-25,Paris,France,65.0,M,115.0,2,2552.95,1276.47,1
2104,Jonathan Rodgers,sjohnson@example.com,2023-04-10,Sydney,Australia,36.0,F,218.0,3,3849.36,1283.12,1
2105,Brandon Taylor,coxcody@example.com,2021-10-10,Manchester,UK,34.0,Other,136.0,3,15766.2,5255.4,1
2106,Emily Martinez,brandimiller@example.org,2021-03-30,Chicago,USA,16.0,M,209.0,2,1002.77,501.38,1
2107,Ryan Pierce,cainana@example.net,2022-10-31,Chicago,USA,40.0,F,215.0,3,4485.49,1495.16,1
2108,Kimberly Escobar,craig60@example.com,2022-07-27,Toronto,Canada,55.0,M,98.0,4,3444.18,861.04,1
2109,Jennifer Barrett,joyce21@example.org,2022-05-12,,USA,62.0,M,18.0,4,5443.83,1360.96,1
2110,Leah Rodriguez,zwilliams@example.com,2022-03-11,Chicago,USA,46.0,F,777.0,2,12936.77,6468.38,1
2111,Brian Moore,christopherjackson@example.net,2023-12-15,Paris,France,40.0,M,338.0,5,4287.99,857.6,1
2112,Mercedes Garcia,ruizjessica@example.org,2021-07-26,Chicago,USA,62.0,Other,515.0,4,2633.77,658.44,1
2113,Tyler Shields,veronicasmith@example.net,2020-02-14,Bangkok,Thailand,24.0,F,1051.0,1,667.54,667.54,1
2114,Laura Blair,travisyoung@example.com,2021-07-29,Berlin,Germany,59.0,M,843.0,1,409.54,409.54,1
2115,Michael Lee,max69@example.com,2021-10-21,Berlin,Germany,23.0,M,358.0,4,5604.85,1401.21,1
2116,Donna Wright,mannjonathan@example.net,2019-11-23,Bangkok,Thailand,45.0,M,226.0,2,2887.19,1443.6,1
2117,Dr. Jared Lee III,barbaraolsen@example.net,2022-10-18,Sydney,Australia,71.0,F,516.0,2,2484.64,1242.32,1
2118,Michael Anderson,halljohn@example.org,2021-05-04,Singapore,Singapore,72.0,M,238.0,1,1782.12,1782.12,1
2119,Melinda Anderson,joshuarodriguez@example.org,2021-12-29,Sydney,Australia,44.0,F,589.0,1,494.75,494.75,1
2120,Michelle Greer,gutierrezmatthew@example.com,2023-08-24,Manchester,UK,39.0,M,167.0,4,4068.52,1017.13,1
2121,Nathaniel Floyd,mark66@example.net,2021-05-27,Berlin,Germany,22.0,M,642.0,3,5407.11,1802.37,1
2122,Denise Alvarado,jamiegomez@example.net,2023-06-10,Singapore,Singapore,62.0,F,77.0,1,1645.84,1645.84,1
2123,Mary Burns,samuel40@example.com,2020-05-12,Bangkok,Thailand,29.0,M,3.0,1,2344.75,2344.75,1
2124,Antonio Small,goodmanalice@example.org,2024-01-16,Berlin,Germany,64.0,F,5.0,2,1560.86,780.43,1
2125,Stanley Taylor,gregory07@example.net,2020-11-08,Berlin,Germany,60.0,F,384.0,2,1531.76,765.88,1
2126,Jesse Turner,shannonbarker@example.com,2019-10-31,Chicago,USA,,M,234.0,1,1970.14,1970.14,1
2127,Tracey Nelson,iwalker@example.org,2020-08-19,Melbourne,Australia,61.0,M,1596.0,0,0.0,0.0,0
2128,Maria Cruz,danielgriffith@example.net,2022-10-10,Berlin,Germany,25.0,F,814.0,0,0.0,0.0,0
2129,Brett Atkins,julie01@example.net,2023-10-26,,Canada,32.0,F,148.0,2,4600.74,2300.37,1
2130,Ashley Roach,lisa89@example.net,2019-10-31,Vancouver,Canada,16.0,M,249.0,3,3678.49,1226.16,1
2131,Kendra White,amadden@example.org,2021-04-11,Munich,Germany,55.0,M,420.0,1,1962.89,1962.89,1
2132,Erin Norris,jacoboconnor@example.net,2023-10-13,Paris,France,36.0,Other,246.0,2,1503.77,751.88,1
2133,Danielle Ballard,courtneysantiago@example.net,2019-12-13,Sydney,Australia,46.0,F,421.0,4,2434.07,608.52,1
2134,Heather James,pamelanguyen@example.com,2020-12-02,Los Angeles,USA,35.0,M,1491.0,0,0.0,0.0,0
2135,Peter Patel,jperez@example.org,2023-06-05,Melbourne,Australia,57.0,M,56.0,2,3777.17,1888.58,1
2136,Ashley Huang,robertwilliams@example.com,2024-01-31,Sydney,Australia,69.0,M,336.0,0,0.0,0.0,0
2137,Zachary Jones,ohiggins@example.net,2020-04-12,Bangkok,Thailand,39.0,F,784.0,1,950.28,950.28,1
2138,Jacob Johnson,hullrobert@example.com,2021-11-05,London,UK,33.0,M,90.0,3,3952.89,1317.63,1
2139,Stacy Orozco,petersonjoel@example.org,2019-06-12,Mumbai,India,44.0,F,576.0,4,5171.03,1292.76,1
2140,David George,bradleybarker@example.net,2020-01-10,Melbourne,Australia,70.0,F,309.0,2,1934.42,967.21,1
2141,Peter Chandler,nmontoya@example.com,2024-06-28,New York,USA,33.0,F,121.0,2,2691.22,1345.61,1
2142,Ariel Gordon,sandyramirez@example.com,2024-02-22,Mumbai,India,73.0,F,90.0,2,2239.69,1119.84,1
2143,Taylor Mullins,anthonydavis@example.net,2020-05-14,Toronto,Canada,64.0,M,404.0,3,5854.34,1951.45,1
2144,Mary Lee,jimwilliams@example.org,2019-04-15,Singapore,Singapore,66.0,F,567.0,2,5156.21,2578.1,1
2145,Daniel Anderson,cbrown@example.org,2021-09-01,Los Angeles,USA,22.0,M,1218.0,0,0.0,0.0,0
2146,Amanda Swanson,michaelsherman@example.com,2019-01-20,Paris,France,43.0,M,335.0,4,3841.04,960.26,1
2147,Jessica Watts,patelgabrielle@example.com,2022-08-09,Singapore,Singapore,53.0,F,876.0,0,0.0,0.0,0
2148,Phillip Lewis,roberthamilton@example.net,2020-05-30,New York,USA,54.0,F,592.0,1,3833.01,3833.01,1
2149,Deborah Meyer,olivia29@example.net,2021-11-19,Berlin,Germany,57.0,F,114.0,3,2783.24,927.75,1
2150,Cindy Cole,cherylnorton@example.com,2022-10-20,Vancouver,Canada,48.0,,51.0,4,3801.46,950.36,1
2151,Larry Howe,gonzalezkenneth@example.net,2021-09-25,Chicago,USA,36.0,M,732.0,1,1409.85,1409.85,1
2152,Brandon Perkins,rachelhall@example.net,2019-05-15,Chicago,USA,59.0,F,940.0,2,1811.55,905.78,1
2153,Shannon Castro,lblankenship@example.net,2022-11-07,Sydney,Australia,68.0,M,76.0,3,4936.79,1645.6,1
2154,Brandy Holmes,laurenallen@example.org,2020-09-21,Toronto,Canada,35.0,F,795.0,1,785.09,785.09,1
2155,Lisa Wilkerson,ambermiller@example.net,2024-03-14,Vancouver,Canada,29.0,F,181.0,2,1259.08,629.54,1
2156,Debbie Rivera,mariawilliams@example.com,2021-03-22,Singapore,Singapore,70.0,F,801.0,2,1554.52,777.26,1
2157,Christine Pratt,hollydavis@example.org,2021-08-28,Munich,Germany,54.0,F,623.0,2,3115.49,1557.74,1
2158,Andrea Le,rojasmarc@example.org,2020-06-22,Bangkok,Thailand,75.0,F,373.0,1,479.4,479.4,1
2159,Wendy Morgan,cannonkimberly@example.net,2023-01-28,London,UK,69.0,F,195.0,1,1494.01,1494.01,1
2160,Shari Sharp,morriskatherine@example.net,2023-04-11,Manchester,UK,16.0,,236.0,2,2099.33,1049.66,1
2161,Angela Lee,gonzalespatricia@example.net,2022-08-15,,UK,45.0,M,870.0,0,0.0,0.0,0
2162,Richard Goodman,ballvanessa@example.com,2022-09-17,,Canada,34.0,F,81.0,2,3056.03,1528.02,1
2163,Brian Rocha,karen42@example.org,2020-10-29,Manchester,UK,51.0,M,1525.0,0,0.0,0.0,0
2164,Brittany Barnett,hmitchell@example.org,2023-10-20,Berlin,Germany,22.0,M,27.0,5,4016.9,803.38,1
2165,Roger Roberts,edwardstaylor@example.net,2022-04-29,Melbourne,Australia,18.0,,537.0,2,3906.93,1953.46,1
2166,Alexander Greene,stanleynina@example.com,2021-09-24,Melbourne,Australia,33.0,F,123.0,1,219.22,219.22,1
2167,Glenn Ward,alyssa66@example.net,2022-08-02,New York,USA,33.0,F,155.0,4,4391.39,1097.85,1
2168,Jason Salinas,vickiwood@example.org,2019-10-03,Berlin,Germany,36.0,M,145.0,1,863.83,863.83,1
2169,Roberto Glover,jblair@example.net,2019-11-05,Mumbai,India,35.0,F,744.0,2,1680.46,840.23,1
2170,John Russell,robertchase@example.net,2022-03-18,London,UK,64.0,M,80.0,4,2481.84,620.46,1
2171,Henry Lutz,davidbrown@example.org,2019-02-14,Melbourne,Australia,65.0,M,524.0,1,1208.13,1208.13,1
2172,Sharon King,zamorarose@example.net,2020-10-04,Melbourne,Australia,73.0,F,352.0,3,2310.06,770.02,1
2173,Mario Green,amywells@example.org,2021-08-17,London,UK,45.0,,60.0,2,1096.2,548.1,1
2174,Jamie Gallagher,rossjohn@example.net,2020-06-06,Vancouver,Canada,63.0,M,291.0,5,7657.61,1531.52,1
2175,Michael Montgomery,jessica89@example.net,2021-03-22,Manchester,UK,,M,67.0,2,2738.62,1369.31,1
2176,Monica Russell,andrewsuarez@example.net,2021-02-03,Munich,Germany,52.0,M,10.0,2,2731.39,1365.7,1
2177,Nathan Kirk,tlewis@example.com,2020-10-31,Singapore,Singapore,47.0,F,1068.0,1,166.1,166.1,1
2178,Shane Short,sonia62@example.com,2022-03-03,Los Angeles,USA,51.0,M,209.0,5,3938.36,787.67,1
2179,Jacqueline Roberts,lopezkristina@example.net,2023-10-10,Mumbai,India,52.0,,449.0,0,0.0,0.0,0
2180,Gina Vega,james01@example.com,2019-05-30,Singapore,Singapore,68.0,M,26.0,5,9433.76,1886.75,1
2181,Jason Ramirez,william88@example.org,2019-11-08,Melbourne,Australia,37.0,F,62.0,2,1695.39,847.7,1
2182,Monica Richardson,mariahill@example.net,2023-05-19,Munich,Germany,,F,71.0,1,1849.77,1849.77,1
2183,Julie Decker,nunezmatthew@example.com,2021-03-09,Mumbai,India,16.0,F,1394.0,0,0.0,0.0,0
2184,Amy Farrell,jamesrobinson@example.com,2022-04-11,Toronto,Canada,50.0,M,139.0,4,5367.26,1341.82,1
2185,Joseph Matthews,fosterjeffrey@example.org,2024-03-10,Paris,France,73.0,F,297.0,0,0.0,0.0,0
2186,Ann Dawson,ufox@example.org,2019-10-31,,Singapore,35.0,M,519.0,3,1544.22,514.74,1
2187,Lisa Gonzalez,mccoyjames@example.org,2019-03-22,Mumbai,India,50.0,M,1041.0,1,790.12,790.12,1
2188,Mathew Key,khanmelissa@example.net,2020-04-16,Bangkok,Thailand,29.0,,596.0,2,2396.87,1198.44,1
2189,Bradley Brady,uchang@example.com,2024-04-01,Toronto,Canada,65.0,M,31.0,4,2719.91,679.98,1
2190,Tyler Garrison,smithjack@example.org,2019-09-10,Berlin,Germany,17.0,M,985.0,1,1902.57,1902.57,1
2191,Alyssa Rodriguez PhD,dunnmary@example.net,2019-04-11,Manchester,UK,44.0,F,161.0,2,1727.3,863.65,1
2192,Dana Bennett,fwalsh@example.com,2019-09-13,Mumbai,India,27.0,M,93.0,2,3926.45,1963.22,1
2193,Samantha Carlson,nrangel@example.net,2023-03-30,Chicago,USA,23.0,F,19.0,6,7088.42,1181.4,1
2194,Jacob Conner,normajones@example.net,2021-04-30,London,UK,29.0,F,238.0,2,928.29,464.14,1
2195,Bryce Fox,daniel43@example.org,2021-11-07,Vancouver,Canada,,F,474.0,2,6273.37,3136.68,1
2196,John Massey,katherinerussell@example.org,2019-07-24,Mumbai,India,39.0,F,113.0,3,4651.73,1550.58,1
2197,Brooke Lewis,charleshayes@example.com,2022-08-28,Mumbai,India,30.0,M,215.0,2,3207.25,1603.62,1
2198,Billy Scott,dominguezmeredith@example.com,2023-11-29,Manchester,UK,17.0,M,27.0,4,951.34,237.84,1
2199,Joshua Shepard,gallegoscrystal@example.com,2019-04-03,London,UK,70.0,F,5.0,1,4094.07,4094.07,1
2200,Timothy Patterson,stonecody@example.net,2019-10-15,Chicago,USA,,F,922.0,2,3049.76,1524.88,1
2201,Richard Smith,acevedonancy@example.org,2022-09-15,Melbourne,Australia,39.0,F,39.0,2,2300.81,1150.4,1
2202,Christina Myers,meyerskathryn@example.com,2024-04-01,Chicago,USA,25.0,F,275.0,0,0.0,0.0,0
2203,Jesus Flores,corythompson@example.org,2024-03-09,Bangkok,Thailand,66.0,F,13.0,2,9342.78,4671.39,1
2204,Gilbert Williams,lhicks@example.com,2021-02-03,Sydney,Australia,55.0,F,237.0,3,1322.21,440.74,1
2205,Karina Boone,phines@example.org,2021-08-21,Bangkok,Thailand,63.0,F,738.0,3,1862.35,620.78,1
2206,Victoria Guerra,kara01@example.org,2023-04-11,Manchester,UK,62.0,F,377.0,2,1232.46,616.23,1
2207,Julian Leon,vdeleon@example.com,2020-04-01,Bangkok,Thailand,42.0,M,874.0,2,746.2,373.1,1
2208,Scott Durham,ricklewis@example.net,2023-10-20,Manchester,UK,44.0,M,184.0,2,1328.4,664.2,1
2209,Nathaniel Brown,shannon09@example.org,2021-09-02,Vancouver,Canada,73.0,M,887.0,2,2510.95,1255.47,1
2210,Wendy Carpenter,prattjustin@example.org,2024-05-13,London,UK,58.0,M,48.0,2,511.35,255.68,1
2211,Michelle Chavez,brandi26@example.net,2022-03-15,Mumbai,India,24.0,Other,837.0,1,939.09,939.09,1
2212,Loretta Garrett,qkane@example.com,2022-09-12,Toronto,Canada,63.0,M,110.0,4,4778.69,1194.67,1
2213,Maria Malone,hdavis@example.com,2020-05-26,Los Angeles,USA,32.0,F,599.0,2,616.13,308.06,1
2214,Richard Riley,dylancunningham@example.com,2022-09-30,Berlin,Germany,49.0,F,278.0,2,3241.62,1620.81,1
2215,Jonathan Collins,stephaniezamora@example.org,2019-09-27,Bangkok,Thailand,43.0,M,812.0,1,908.5,908.5,1
2216,Richard Weiss,kimberly66@example.net,2019-03-12,Mumbai,India,,F,401.0,1,3360.08,3360.08,1
2217,Teresa Russell,branchthomas@example.com,2022-07-23,Chicago,USA,69.0,F,715.0,2,2459.12,1229.56,1
2218,Joyce Butler,maygordon@example.org,2021-09-11,Paris,France,70.0,M,285.0,3,4405.87,1468.62,1
2219,Tommy Ramsey,markbates@example.com,2021-04-10,Paris,France,29.0,F,1362.0,0,0.0,0.0,0
2220,Stephanie Meyer,hufftina@example.org,2020-07-26,Melbourne,Australia,65.0,,22.0,2,1918.18,959.09,1
2221,Toni Clay,jarvisrachel@example.net,2020-06-06,Chicago,USA,67.0,F,387.0,4,4503.36,1125.84,1
2222,Gloria Dunn,richardhines@example.net,2022-09-30,Los Angeles,USA,64.0,F,517.0,2,1060.82,530.41,1
2223,Jessica Adams,wberry@example.com,2019-02-22,Sydney,Australia,24.0,M,492.0,2,995.24,497.62,1
2224,Tammy Robinson,gstokes@example.net,2022-02-01,Los Angeles,USA,24.0,F,393.0,1,321.68,321.68,1
2225,Sonya Miranda,ashley14@example.org,2024-06-01,Los Angeles,USA,27.0,,84.0,3,4035.44,1345.15,1
2226,Jennifer Hernandez,melissa40@example.org,2019-10-18,Toronto,Canada,,F,208.0,2,3328.97,1664.48,1
2227,Carly Goodwin,smithmelissa@example.com,2023-05-17,Paris,France,52.0,M,176.0,3,2566.02,855.34,1
2228,Susan Price,wilsontina@example.com,2022-01-09,London,UK,60.0,F,1088.0,0,0.0,0.0,0
2229,Angela Barnett,madison00@example.org,2022-10-25,Los Angeles,USA,56.0,M,388.0,3,2604.16,868.05,1
2230,Anthony Wong,cartercatherine@example.net,2023-01-06,Singapore,Singapore,50.0,M,256.0,1,1269.92,1269.92,1
2231,Jesse Ayala,monicaavery@example.net,2019-04-11,Vancouver,Canada,34.0,F,638.0,1,568.75,568.75,1
2232,Charles Blair,dananelson@example.com,2021-08-16,Berlin,Germany,24.0,F,858.0,1,553.54,553.54,1
2233,Kyle Myers,kleinshane@example.org,2022-02-12,Melbourne,Australia,29.0,,83.0,3,4744.67,1581.56,1
2234,Pamela Jenkins,caitlyncooper@example.net,2023-03-27,New York,USA,24.0,M,434.0,1,604.41,604.41,1
2235,Nichole Vasquez,dlivingston@example.org,2024-06-22,Singapore,Singapore,41.0,F,8.0,2,2485.67,1242.84,1
2236,Tara Jones,andrew88@example.com,2020-05-24,Toronto,Canada,20.0,F,109.0,3,1077.89,359.3,1
2237,Cory Harris,christopheranderson@example.com,2019-09-10,Manchester,UK,59.0,M,388.0,5,7889.93,1577.99,1
2238,Timothy Harris,irodriguez@example.org,2020-11-01,Singapore,Singapore,56.0,F,280.0,2,2307.67,1153.84,1
2239,Daniel Ferrell,erikamiller@example.org,2022-05-10,Sydney,Australia,30.0,F,33.0,4,3445.12,861.28,1
2240,Brian Christensen,mandypetty@example.com,2022-06-03,Melbourne,Australia,25.0,M,8.0,5,5529.43,1105.89,1
2241,Jon Berry,nicholas33@example.com,2023-11-28,London,UK,18.0,F,52.0,4,15594.74,3898.68,1
2242,Michael Phillips,brittany29@example.com,2021-05-22,Berlin,Germany,26.0,M,613.0,2,1256.56,628.28,1
2243,Sean Carter,dudleycody@example.com,2020-08-19,Singapore,Singapore,49.0,M,434.0,2,1945.94,972.97,1
2244,Anthony Hayes,marilyn67@example.net,2023-11-07,Paris,France,31.0,M,1.0,3,637.55,212.52,1
2245,Charles Ford,kcontreras@example.org,2021-05-13,Manchester,UK,56.0,M,370.0,4,8536.86,2134.22,1
2246,Roy Fowler,lshannon@example.net,2020-07-18,Melbourne,Australia,56.0,M,589.0,3,3522.18,1174.06,1
2247,Ashley Lee,ijackson@example.com,2019-06-20,London,UK,22.0,M,34.0,1,1839.47,1839.47,1
2248,Katherine Simon,bhall@example.org,2022-04-25,Toronto,Canada,58.0,M,653.0,5,3630.47,726.09,1
2249,Kimberly Mcdowell,amyferrell@example.com,2022-02-22,Berlin,Germany,69.0,M,766.0,2,1315.37,657.68,1
2250,Darryl Christensen,vasquezjacqueline@example.net,2021-02-22,Sydney,Australia,54.0,M,891.0,2,2960.58,1480.29,1
2251,Jessica Becker,chavezisabel@example.com,2022-03-24,Los Angeles,USA,23.0,M,138.0,1,941.41,941.41,1
2252,Kathleen Mccullough,michellesmith@example.org,2024-01-25,Melbourne,Australia,42.0,F,87.0,3,2384.55,794.85,1
2253,Charles Hopkins,henrysoto@example.com,2023-06-03,Sydney,Australia,70.0,F,93.0,3,7719.38,2573.13,1
2254,Angelica Long,alexis58@example.com,2023-07-24,Manchester,UK,63.0,F,193.0,1,739.58,739.58,1
2255,Melissa Sullivan,jessicamills@example.org,2020-01-06,Paris,France,56.0,Other,52.0,2,37956.44,18978.22,1
2256,Kenneth Murphy,wnovak@example.net,2019-02-28,Singapore,Singapore,70.0,M,72.0,2,1480.74,740.37,1
2257,Kristin Ferguson,joe99@example.net,2024-06-16,London,UK,33.0,F,25.0,4,4078.15,1019.54,1
2258,Joshua Smith,davidsellers@example.com,2020-06-22,Sydney,Australia,29.0,M,1654.0,0,0.0,0.0,0
2259,Tiffany Holt,eileendaniels@example.net,2021-04-01,Melbourne,Australia,65.0,M,1371.0,0,0.0,0.0,0
2260,Melissa Romero,deborah49@example.com,2020-12-21,London,UK,50.0,F,900.0,1,220.12,220.12,1
2261,Lisa Spencer,hollandjustin@example.com,2020-09-18,Mumbai,India,74.0,F,341.0,5,4187.09,837.42,1
2262,Katie Rivers,dominguezscott@example.com,2022-08-02,Berlin,Germany,64.0,M,153.0,3,532.83,177.61,1
2263,Cynthia Stephens,mmyers@example.net,2020-11-21,London,UK,73.0,F,364.0,5,6703.72,1340.74,1
2264,Mary Johnson,xhill@example.org,2019-08-17,New York,USA,53.0,M,1964.0,0,0.0,0.0,0
2265,Amy Burton,isimpson@example.com,2023-03-30,Vancouver,Canada,50.0,F,1.0,2,3230.35,1615.18,1
2266,Chris Hanson,twagner@example.org,2019-07-05,Los Angeles,USA,74.0,F,151.0,1,1074.28,1074.28,1
2267,Beverly Black,troybrady@example.net,2020-11-27,Melbourne,Australia,38.0,F,14.0,3,2094.46,698.15,1
2268,Melanie Smith,faithsparks@example.com,2023-07-27,Melbourne,Australia,55.0,,524.0,0,0.0,0.0,0
2269,Derrick Johnson,karla66@example.net,2023-08-19,Berlin,Germany,31.0,F,60.0,2,3365.79,1682.9,1
2270,Melissa Carroll,nunezgary@example.net,2020-04-04,Berlin,Germany,31.0,M,664.0,1,1459.52,1459.52,1
2271,Paul Phelps,john86@example.com,2019-01-26,Chicago,USA,31.0,M,792.0,2,4626.44,2313.22,1
2272,Christina Gomez,jacob32@example.net,2021-04-28,Berlin,Germany,51.0,F,84.0,4,3392.32,848.08,1
2273,Laura Adams,ogreer@example.org,2022-04-04,Munich,Germany,56.0,F,272.0,3,6078.46,2026.15,1
2274,Stephanie Armstrong,petersonfrank@example.org,2022-12-18,Vancouver,Canada,67.0,F,137.0,1,226.34,226.34,1
2275,Sydney Lopez,jennifer72@example.com,2024-04-02,Bangkok,Thailand,36.0,M,33.0,5,3560.1,712.02,1
2276,Wayne Jackson,mirandawalker@example.net,2023-10-28,London,UK,66.0,,142.0,1,881.38,881.38,1
2277,Melissa Garcia,castropeter@example.com,2021-11-05,Singapore,Singapore,50.0,M,880.0,2,2650.5,1325.25,1
2278,Matthew Stone,jherring@example.com,2020-12-14,Melbourne,Australia,51.0,F,29.0,3,2954.96,984.99,1
2279,Frank Freeman,mallory30@example.org,2019-04-19,Mumbai,India,55.0,F,225.0,1,1399.08,1399.08,1
2280,Marcus Rich,housedaniel@example.com,2019-02-15,Chicago,USA,44.0,F,365.0,4,14064.18,3516.04,1
2281,Carmen Gonzalez,brandi40@example.org,2022-12-17,Mumbai,India,20.0,M,197.0,3,2314.05,771.35,1
2282,Christine Parker,kelly15@example.com,2020-05-31,Paris,France,61.0,M,340.0,2,2897.48,1448.74,1
2283,Daniel Thompson,lisaalvarez@example.net,2021-03-22,Chicago,USA,58.0,M,1381.0,0,0.0,0.0,0
2284,Robert West,brandon94@example.org,2020-04-21,London,UK,67.0,F,166.0,3,5136.89,1712.3,1
2285,Maria Rodriguez,johnsonmichael@example.com,2024-06-30,Munich,Germany,36.0,F,44.0,2,1690.97,845.48,1
2286,Joseph Bright,mhoffman@example.net,2021-01-03,Singapore,Singapore,23.0,F,248.0,3,1173.4,391.13,1
2287,Norma Smith,david88@example.net,2023-02-04,Manchester,UK,62.0,M,226.0,4,38640.01,9660.0,1
2288,Hannah Martin,savannahgrant@example.com,2023-09-08,Chicago,USA,17.0,F,296.0,1,971.0,971.0,1
2289,Tyler Shields,csparks@example.net,2019-07-12,Los Angeles,USA,52.0,M,811.0,1,2089.09,2089.09,1
2290,Edwin Jackson,gmccarthy@example.com,2022-11-27,Manchester,UK,24.0,F,399.0,2,3250.08,1625.04,1
2291,Dr. Diana Chen,yoconnell@example.com,2022-12-19,Chicago,USA,72.0,F,373.0,2,1330.11,665.06,1
2292,Sarah Roberts,kevinmendez@example.org,2020-04-09,Toronto,Canada,57.0,M,36.0,6,4267.46,711.24,1
2293,Robin Patterson,anthony00@example.org,2020-06-11,Munich,Germany,72.0,F,410.0,2,4933.18,2466.59,1
2294,Eric Fowler,charlesyoung@example.net,2019-07-15,London,UK,16.0,F,561.0,2,3373.76,1686.88,1
2295,Sonya Wilcox,miranda13@example.org,2020-09-19,Manchester,UK,67.0,M,186.0,6,17028.58,2838.1,1
2296,John Boyd,lpeters@example.net,2020-01-22,Chicago,USA,55.0,,144.0,4,5242.53,1310.63,1
2297,Eric Rosales,ncruz@example.net,2023-11-22,Los Angeles,USA,54.0,F,24.0,3,3799.98,1266.66,1
2298,Jonathan Jefferson DVM,rodneynolan@example.com,2023-12-07,Mumbai,India,48.0,F,14.0,2,1442.12,721.06,1
2299,Eileen Gutierrez,andersonmeghan@example.net,2024-03-30,New York,USA,72.0,M,277.0,0,0.0,0.0,0
2300,Tamara Roberts,foxlinda@example.org,2024-03-29,Vancouver,Canada,22.0,M,51.0,1,1676.98,1676.98,1
2301,Rhonda Rodriguez,jamesbrown@example.org,2019-07-24,Bangkok,Thailand,28.0,M,1988.0,0,0.0,0.0,0
2302,Sherry Brewer,claire06@example.net,2024-03-16,Berlin,Germany,51.0,Other,64.0,3,1598.1,532.7,1
2303,Brandon Sanchez,tracy38@example.com,2022-02-09,Sydney,Australia,37.0,,200.0,1,12396.28,12396.28,1
2304,Joseph Wang,fstone@example.net,2020-01-21,Berlin,Germany,18.0,Other,1807.0,0,0.0,0.0,0
2305,Richard Yoder,qmarshall@example.net,2023-09-24,Singapore,Singapore,22.0,M,2.0,3,3378.88,1126.29,1
2306,Kristina Baker,nicholashuffman@example.org,2021-12-15,Bangkok,Thailand,52.0,M,181.0,1,139.94,139.94,1
2307,Luke Dixon,qreyes@example.net,2020-02-16,Sydney,Australia,36.0,F,1781.0,0,0.0,0.0,0
2308,Brian Brown,jenniferhorne@example.net,2021-05-23,Sydney,Australia,43.0,M,195.0,3,4395.89,1465.3,1
2309,Arthur Mcdaniel,scottlove@example.org,2022-02-23,London,UK,55.0,M,1043.0,0,0.0,0.0,0
2310,Mary Levy,nguyengerald@example.net,2023-04-28,Vancouver,Canada,49.0,F,469.0,1,1984.51,1984.51,1
2311,Susan Lewis,gkeith@example.net,2022-04-18,Bangkok,Thailand,50.0,F,480.0,2,3552.2,1776.1,1
2312,Gabriel Nash,bowmanjoel@example.net,2019-04-07,New York,USA,40.0,F,252.0,1,2871.93,2871.93,1
2313,Steven Nguyen,jacqueline39@example.net,2022-11-02,Mumbai,India,63.0,M,6.0,2,788.85,394.42,1
2314,Justin Parker,umartinez@example.net,2022-12-02,Sydney,Australia,74.0,F,252.0,3,2657.05,885.68,1
2315,Patrick Snyder,lindseyroberts@example.org,2022-12-30,Toronto,Canada,20.0,M,85.0,5,3900.94,780.19,1
2316,Debbie King,ucarr@example.org,2019-02-01,Paris,France,75.0,F,2161.0,0,0.0,0.0,0
2317,Jeremy Summers,ksmith@example.org,2019-01-10,Vancouver,Canada,58.0,,2183.0,0,0.0,0.0,0
2318,Christopher Rivera,fwolf@example.net,2023-08-20,Manchester,UK,39.0,F,500.0,0,0.0,0.0,0
2319,John Woodard,devon88@example.org,2020-05-19,Paris,France,58.0,M,226.0,2,1765.34,882.67,1
2320,Alfred Leonard,taylormichael@example.net,2023-11-04,Melbourne,Australia,35.0,M,320.0,1,3451.56,3451.56,1
2321,Shari Kelley,benjaminwilliams@example.net,2021-04-18,Vancouver,Canada,42.0,M,1011.0,1,1523.11,1523.11,1
2322,Robert Parks MD,nbailey@example.net,2023-07-31,Toronto,Canada,32.0,F,346.0,1,2452.02,2452.02,1
2323,Michele Watson,jack86@example.org,2023-04-21,Melbourne,Australia,24.0,M,1.0,3,3537.62,1179.21,1
2324,Tammy Tyler,harrisjoshua@example.com,2019-11-22,Los Angeles,USA,20.0,Other,354.0,2,2660.42,1330.21,1
2325,James Miller,daniel15@example.org,2024-05-10,Vancouver,Canada,34.0,M,236.0,0,0.0,0.0,0
2326,Shelby Duncan,johnsonedward@example.net,2023-04-08,Los Angeles,USA,41.0,,36.0,1,148.68,148.68,1
2327,Timothy Mcmahon,elizabeth14@example.org,2023-09-30,Munich,Germany,28.0,M,33.0,3,1063.14,354.38,1
2328,Matthew Moss,brianmorrow@example.org,2019-08-17,Los Angeles,USA,18.0,M,413.0,1,10977.46,10977.46,1
2329,Wendy Miller,hdavis@example.org,2019-05-19,Singapore,Singapore,43.0,F,204.0,2,1195.08,597.54,1
2330,Mark Dennis,clarkdavid@example.net,2023-04-25,Paris,France,58.0,F,171.0,3,3794.45,1264.82,1
2331,Toni Ortiz,brianobrien@example.net,2023-01-24,Toronto,Canada,18.0,F,112.0,1,932.09,932.09,1
2332,Audrey Reyes,andersonhenry@example.org,2024-03-02,Vancouver,Canada,38.0,F,92.0,6,4580.62,763.44,1
2333,Amanda Taylor,dorothy87@example.org,2019-11-10,Manchester,UK,48.0,F,290.0,2,11234.67,5617.34,1
2334,Marcus Blair,carterjames@example.com,2023-01-16,Sydney,Australia,17.0,F,716.0,0,0.0,0.0,0
2335,Joshua Guerrero,qcurtis@example.com,2020-08-12,Munich,Germany,26.0,F,925.0,1,170.06,170.06,1
2336,Ashley Duran,gregory14@example.org,2019-05-14,Sydney,Australia,49.0,F,123.0,1,687.32,687.32,1
2337,Melanie Garrett,sandraheath@example.net,2020-10-20,Bangkok,Thailand,18.0,F,518.0,2,2501.01,1250.51,1
2338,Vicki Hernandez,nicholas09@example.org,2019-01-08,Manchester,UK,19.0,F,298.0,3,4581.75,1527.25,1
2339,Holly Ponce,efranco@example.net,2023-04-10,Toronto,Canada,18.0,M,173.0,4,3280.51,820.13,1
2340,April Galvan,david97@example.org,2021-09-02,Bangkok,Thailand,57.0,F,321.0,2,1039.39,519.7,1
2341,Crystal Chavez,joshuacoleman@example.com,2023-03-13,Bangkok,Thailand,59.0,,231.0,3,3071.6,1023.87,1
2342,Kimberly Hughes,jasonjohnson@example.org,2021-07-20,Sydney,Australia,74.0,M,342.0,2,1312.44,656.22,1
2343,Paula Johnson,bconrad@example.org,2019-10-23,Toronto,Canada,56.0,F,56.0,3,5112.46,1704.15,1
2344,Christopher Hall,kramirez@example.net,2023-12-12,Vancouver,Canada,39.0,F,189.0,2,2375.1,1187.55,1
2345,Jessica Griffith,reynoldsmichelle@example.org,2021-07-30,New York,USA,61.0,,303.0,3,4478.71,1492.9,1
2346,Carlos Heath,petersonjose@example.org,2023-09-17,Chicago,USA,38.0,M,98.0,3,1872.96,624.32,1
2347,Melinda May,jacquelinedelacruz@example.org,2023-02-11,Berlin,Germany,44.0,F,348.0,2,1085.08,542.54,1
2348,Caleb Jensen,kfrye@example.net,2021-03-27,Sydney,Australia,62.0,M,707.0,1,415.45,415.45,1
2349,Jay Buchanan,woodbrittany@example.com,2020-02-03,Paris,France,39.0,M,427.0,2,1554.48,777.24,1
2350,Jeffery Thompson,johnskinner@example.org,2021-02-06,Manchester,UK,35.0,F,1425.0,0,0.0,0.0,0
2351,Danielle Hamilton,williamsbrian@example.org,2021-07-15,Sydney,Australia,73.0,M,1266.0,0,0.0,0.0,0
2352,Kayla Williams,shafferjill@example.com,2020-02-13,New York,USA,37.0,F,1028.0,1,251.88,251.88,1
2353,Ashlee Ross,burnsrodney@example.org,2021-06-03,Munich,Germany,,M,263.0,1,767.8,767.8,1
2354,Kelly Burnett,seth29@example.org,2020-07-13,Chicago,USA,65.0,M,1067.0,1,735.48,735.48,1
2355,Ashley Cooper,fordjames@example.org,2019-11-05,Toronto,Canada,36.0,F,392.0,3,10900.41,3633.47,1
2356,Brian Brown,martinnovak@example.com,2021-09-23,Bangkok,Thailand,55.0,M,370.0,3,2869.1,956.37,1
2357,Joseph Hill,james62@example.org,2019-03-14,,Thailand,66.0,Other,318.0,4,3897.56,974.39,1
2358,Allison Cunningham,michaelvillarreal@example.net,2019-04-19,Mumbai,India,70.0,F,521.0,4,2642.35,660.59,1
2359,Jeffery Jordan,tyler31@example.net,2019-11-05,Melbourne,Australia,35.0,M,316.0,2,1286.95,643.48,1
2360,Cristian Lambert,catherinemoore@example.com,2024-01-27,Paris,France,46.0,F,288.0,1,406.85,406.85,1
2361,Sara Preston,fmorrow@example.com,2022-02-24,Singapore,Singapore,73.0,F,485.0,4,3947.88,986.97,1
2362,Kelly Rivas,dsmith@example.com,2022-06-20,Bangkok,Thailand,26.0,M,30.0,3,1481.5,493.83,1
2363,Jeffery Collins,courtney01@example.org,2022-11-14,Vancouver,Canada,23.0,F,147.0,1,861.59,861.59,1
2364,Kevin Estrada,sloanbenjamin@example.net,2019-03-22,Singapore,Singapore,72.0,F,333.0,6,12862.13,2143.69,1
2365,Lauren Stephens,hooveranna@example.net,2022-04-15,New York,USA,75.0,F,383.0,2,2481.88,1240.94,1
2366,Lynn Adams,edwardselizabeth@example.net,2024-06-10,New York,USA,58.0,,205.0,0,0.0,0.0,0
2367,Richard Williams,mortonkenneth@example.net,2021-01-27,Bangkok,Thailand,27.0,F,136.0,2,2303.75,1151.88,1
2368,Tanya Foster,pfowler@example.org,2019-08-16,Chicago,USA,56.0,Other,1965.0,0,0.0,0.0,0
2369,Kevin Jennings,jreyes@example.net,2020-12-27,Los Angeles,USA,67.0,M,138.0,3,3772.78,1257.59,1
2370,Jason Reyes,hernandeztodd@example.org,2021-01-17,Chicago,USA,28.0,M,662.0,5,3124.31,624.86,1
2371,Mr. David Rivas,samuel38@example.net,2021-09-29,New York,USA,73.0,M,102.0,2,3044.19,1522.1,1
2372,Donna Carroll,forbessean@example.org,2021-07-08,Vancouver,Canada,,M,91.0,6,5172.74,862.12,1
2373,Rodney Baker,qcharles@example.org,2022-09-12,Berlin,Germany,37.0,,762.0,1,348.47,348.47,1
2374,John Robertson,danieljenkins@example.org,2019-01-22,Paris,France,17.0,M,1059.0,1,297.56,297.56,1
2375,Mary Mccoy,cody81@example.org,2019-03-15,Manchester,UK,60.0,M,315.0,4,4182.31,1045.58,1
2376,Michael Gilbert,hlester@example.org,2021-05-19,Singapore,Singapore,61.0,M,1046.0,1,528.78,528.78,1
2377,Tonya Simon,sarah80@example.org,2020-01-31,Munich,Germany,34.0,M,1073.0,1,443.6,443.6,1
2378,Tanya Shannon,amanda21@example.com,2023-07-08,Los Angeles,USA,71.0,M,127.0,4,4444.51,1111.13,1
2379,Sophia Boyd,ashleyalexander@example.net,2023-04-10,Singapore,Singapore,31.0,F,260.0,2,751.54,375.77,1
2380,Timothy Ryan,cainjordan@example.org,2020-04-30,Singapore,Singapore,71.0,M,602.0,1,2782.0,2782.0,1
2381,Francisco Estrada,meganjames@example.org,2023-11-18,London,UK,20.0,M,325.0,2,2476.79,1238.4,1
2382,Jamie Duran,villawilliam@example.com,2022-07-16,Berlin,Germany,66.0,F,780.0,1,235.35,235.35,1
2383,Leslie Moody,gcastro@example.org,2020-02-13,Chicago,USA,27.0,F,33.0,2,2296.09,1148.04,1
2384,Paul Lane,dbeck@example.com,2022-11-05,Singapore,Singapore,,F,68.0,4,3866.79,966.7,1
2385,Henry Reeves,rebecca19@example.com,2020-01-30,Munich,Germany,68.0,M,284.0,1,2046.58,2046.58,1
2386,Jeffery Snyder,gregorymitchell@example.net,2021-08-18,Chicago,USA,62.0,F,285.0,2,2100.23,1050.12,1
2387,Courtney Sharp,daniel79@example.net,2021-11-05,Chicago,USA,21.0,F,1153.0,0,0.0,0.0,0
2388,Jennifer Carter,dyersara@example.net,2022-03-24,Munich,Germany,60.0,F,859.0,1,1209.11,1209.11,1
2389,Sandy Bennett,jenniferwalls@example.com,2020-10-20,Mumbai,India,26.0,F,380.0,1,503.34,503.34,1
2390,Jesse Edwards,wallaceeric@example.com,2021-11-03,Manchester,UK,34.0,F,1001.0,1,628.48,628.48,1
2391,Charles Zavala,bethany36@example.com,2021-12-22,Toronto,Canada,57.0,F,1106.0,0,0.0,0.0,0
2392,Beth Shaw,josephross@example.net,2019-05-13,Chicago,USA,20.0,F,526.0,2,1683.33,841.66,1
2393,Lisa Beard,tracifoster@example.org,2023-08-02,Singapore,Singapore,21.0,F,204.0,2,1076.18,538.09,1
2394,Nicole Wallace DDS,ejohnson@example.org,2022-10-13,Melbourne,Australia,36.0,F,249.0,5,7326.83,1465.37,1
2395,Daniel Gallegos,michaelcampos@example.net,2022-05-25,Sydney,Australia,52.0,F,687.0,2,2028.72,1014.36,1
2396,Carla Hoover,jenniferrodriguez@example.org,2023-07-19,Melbourne,Australia,39.0,F,76.0,2,3445.03,1722.52,1
2397,Jason Smith,tinawilliams@example.com,2020-01-25,Melbourne,Australia,53.0,F,481.0,3,3854.17,1284.72,1
2398,Jorge Morales,kentmichael@example.com,2021-08-03,Bangkok,Thailand,75.0,F,1247.0,0,0.0,0.0,0
2399,Kathleen Baker,pattersondebra@example.org,2024-01-16,Mumbai,India,44.0,F,53.0,2,13576.27,6788.14,1
2400,Denise French,emorales@example.com,2023-11-24,New York,USA,66.0,M,211.0,3,3069.29,1023.1,1
2401,Kari Buck,bartondavid@example.com,2021-01-18,Manchester,UK,43.0,F,634.0,1,1820.62,1820.62,1
2402,Laura Payne,paynestephanie@example.net,2024-04-21,Paris,France,29.0,F,88.0,1,1424.75,1424.75,1
2403,James Whitaker,collinmiller@example.com,2020-02-10,London,UK,47.0,,92.0,5,6336.65,1267.33,1
2404,Ryan Garcia,marydean@example.com,2020-07-22,Munich,Germany,28.0,F,862.0,1,1066.46,1066.46,1
2405,Theresa Gardner,hollyperkins@example.net,2019-11-24,Mumbai,India,,F,412.0,3,4904.34,1634.78,1
2406,Jessica Conrad,sbradley@example.org,2022-12-16,London,UK,54.0,Other,160.0,2,3914.15,1957.08,1
2407,Kevin Werner,rodriguezchristina@example.net,2020-03-19,Singapore,Singapore,,F,900.0,1,598.95,598.95,1
2408,Catherine Kirk,pvang@example.net,2020-09-28,Sydney,Australia,43.0,M,244.0,2,1781.71,890.86,1
2409,Stacy Williams,joneschristian@example.net,2023-01-24,London,UK,67.0,M,24.0,2,1651.03,825.52,1
2410,Crystal Carlson,uclark@example.org,2019-05-10,Berlin,Germany,44.0,Other,531.0,1,104.56,104.56,1
2411,Michael Martinez,mark90@example.com,2020-04-23,Melbourne,Australia,56.0,M,26.0,2,3362.24,1681.12,1
2412,Mr. Kristopher Curtis,lindsay48@example.net,2020-11-28,Munich,Germany,66.0,F,926.0,1,9788.79,9788.79,1
2413,Anthony Knapp,rfleming@example.net,2023-05-20,London,UK,52.0,M,147.0,3,2234.7,744.9,1
2414,Lisa Reynolds,ywilliams@example.com,2023-07-24,Toronto,Canada,47.0,F,22.0,2,4203.68,2101.84,1
2415,Adrian Gibbs,leroy57@example.com,2019-07-15,Bangkok,Thailand,64.0,M,42.0,3,5177.43,1725.81,1
2416,Steven Duncan,kayla33@example.net,2022-05-19,Berlin,Germany,20.0,M,498.0,1,1654.56,1654.56,1
2417,Alyssa Anderson,jonathan66@example.org,2022-12-28,Vancouver,Canada,39.0,F,222.0,3,4577.21,1525.74,1
2418,Cathy Barnes,brian65@example.net,2019-01-07,Sydney,Australia,38.0,F,404.0,2,3354.69,1677.34,1
2419,Crystal Brown,lmartin@example.org,2024-05-13,Vancouver,Canada,47.0,M,71.0,3,901.9,300.63,1
2420,Edward Richmond,epatterson@example.net,2023-07-19,Mumbai,India,28.0,F,198.0,1,1000.66,1000.66,1
2421,Emily Taylor,christina60@example.org,2019-05-05,Melbourne,Australia,49.0,M,314.0,3,3146.4,1048.8,1
2422,Douglas Lucero,watsonteresa@example.net,2022-12-05,Manchester,UK,35.0,F,392.0,1,365.83,365.83,1
2423,Danielle Robles,aholder@example.net,2022-08-11,Sydney,Australia,21.0,,300.0,2,403.16,201.58,1
2424,John Black,folson@example.net,2022-07-05,Berlin,Germany,51.0,F,306.0,1,517.8,517.8,1
2425,Shannon Thompson,scott04@example.com,2020-07-14,Bangkok,Thailand,33.0,F,328.0,4,2249.05,562.26,1
2426,Nathan Sparks,daniellecoleman@example.org,2019-09-21,Paris,France,17.0,M,71.0,4,5376.83,1344.21,1
2427,Tamara Brown,jeremy75@example.org,2019-10-18,London,UK,69.0,M,366.0,3,2085.97,695.32,1
2428,Michael Blair,murraymichael@example.net,2020-10-25,Sydney,Australia,27.0,F,279.0,3,4545.63,1515.21,1
2429,William Gould,kylemartinez@example.net,2020-10-25,Vancouver,Canada,64.0,F,204.0,1,747.38,747.38,1
2430,Crystal Nguyen,michael40@example.org,2023-01-01,Melbourne,Australia,47.0,F,583.0,2,794.71,397.36,1
2431,Jessica Torres,justin75@example.net,2019-12-01,Munich,Germany,21.0,F,617.0,3,2472.79,824.26,1
2432,Craig Beard,taylorjames@example.net,2020-12-04,Manchester,UK,47.0,F,51.0,1,2372.27,2372.27,1
2433,Mrs. Kimberly Cannon,nfleming@example.net,2021-03-21,Singapore,Singapore,51.0,F,1382.0,0,0.0,0.0,0
2434,Angela Gonzales,pduran@example.net,2023-04-12,Los Angeles,USA,30.0,M,322.0,2,4025.14,2012.57,1
2435,Martin Newton,ecohen@example.com,2022-08-09,New York,USA,,F,876.0,0,0.0,0.0,0
2436,Adam Daniels,lawsonpaul@example.org,2024-05-08,Chicago,USA,48.0,M,199.0,1,467.86,467.86,1
2437,Dawn Espinoza,arthurlynch@example.org,2019-02-09,,UK,64.0,M,294.0,2,1093.66,546.83,1
2438,Joshua Gallegos,claudia35@example.org,2022-01-31,Manchester,UK,18.0,F,957.0,1,51.98,51.98,1
2439,Alexandra Hodge,robertsonjennifer@example.com,2019-01-15,Berlin,Germany,60.0,M,17.0,2,3319.41,1659.7,1
2440,Jonathan Palmer,kirbymichael@example.org,2019-12-03,,India,29.0,M,796.0,2,1428.57,714.28,1
2441,David Santiago,jose60@example.net,2020-07-30,Paris,France,51.0,M,763.0,2,1011.67,505.84,1
2442,Joseph Ward,alvarezchristine@example.com,2022-05-29,Singapore,Singapore,37.0,F,858.0,1,1598.78,1598.78,1
2443,Kristen Smith,john91@example.org,2020-08-07,Sydney,Australia,17.0,M,425.0,3,3327.78,1109.26,1
2444,Toni Hunt,morgan69@example.net,2021-04-10,Singapore,Singapore,27.0,F,1362.0,0,0.0,0.0,0
2445,Virginia Rose,nicoleduran@example.net,2023-11-26,Bangkok,Thailand,28.0,F,13.0,3,72021.09,24007.03,1
2446,Willie Edwards,marygarcia@example.com,2022-10-12,Melbourne,Australia,72.0,M,812.0,0,0.0,0.0,0
2447,Dawn Hall,hensleyvalerie@example.net,2022-07-06,Sydney,Australia,52.0,F,129.0,1,1317.75,1317.75,1
2448,Jane King,david38@example.net,2020-09-26,New York,USA,29.0,F,227.0,2,1374.78,687.39,1
2449,Jerry Boyd,ashleygarcia@example.org,2021-03-06,Melbourne,Australia,45.0,F,448.0,2,824.85,412.42,1
2450,Miss Kathryn Myers,sherryknight@example.org,2021-09-10,Berlin,Germany,54.0,M,234.0,1,1353.94,1353.94,1
2451,Kayla Williams,garymartinez@example.org,2019-06-09,Toronto,Canada,22.0,M,860.0,1,911.25,911.25,1
2452,David Small,brownalexa@example.com,2019-01-23,Mumbai,India,,M,27.0,5,3525.22,705.04,1
2453,Brian Kent,hespinoza@example.org,2019-07-19,Chicago,USA,39.0,F,558.0,2,3598.85,1799.42,1
2454,Sabrina Lopez,srobles@example.org,2021-02-02,,Thailand,33.0,M,68.0,5,6993.72,1398.74,1
2455,Cynthia Tran,debra19@example.net,2019-09-03,Bangkok,Thailand,25.0,M,16.0,3,961.88,320.63,1
2456,Rachel Hill,jamesparker@example.net,2024-02-17,Singapore,Singapore,23.0,M,9.0,2,3475.55,1737.78,1
2457,Michael Davis,gonzalezkendra@example.org,2023-12-08,New York,USA,,F,28.0,2,1302.58,651.29,1
2458,Paul Moon,woodlisa@example.com,2023-12-21,Mumbai,India,60.0,M,101.0,2,3194.2,1597.1,1
2459,Leah Kim,riverarebecca@example.org,2019-05-10,Berlin,Germany,29.0,F,481.0,2,1179.45,589.72,1
2460,William Barnett,eadams@example.org,2021-06-04,,Germany,42.0,M,219.0,4,13370.48,3342.62,1
2461,Jenna Watson,fletcherjanet@example.org,2019-05-10,Sydney,Australia,61.0,M,2.0,4,2972.07,743.02,1
2462,Mrs. Jillian Nguyen,lmendez@example.com,2022-10-06,New York,USA,71.0,M,97.0,3,3088.66,1029.55,1
2463,Julie Mills,richardsonanna@example.org,2019-04-01,Sydney,Australia,69.0,M,151.0,2,21235.57,10617.78,1
2464,Joshua Phillips,nicholasswanson@example.net,2020-04-19,Singapore,Singapore,34.0,F,363.0,2,1249.43,624.72,1
2465,Caitlin Lawson,riceamber@example.net,2022-01-20,Berlin,Germany,39.0,M,94.0,3,8814.33,2938.11,1
2466,Stephanie Knight,rrice@example.net,2020-10-18,Chicago,USA,38.0,F,46.0,4,5384.55,1346.14,1
2467,Rachael Jones,watsonbrittany@example.org,2023-04-21,London,UK,25.0,M,71.0,3,3402.53,1134.18,1
2468,Ryan Hudson,andrewmiller@example.com,2021-04-15,Munich,Germany,43.0,F,1357.0,0,0.0,0.0,0
2469,Pamela Howard,omarturner@example.org,2021-01-04,Bangkok,Thailand,45.0,M,971.0,1,537.55,537.55,1
2470,Abigail Acevedo,sarah17@example.com,2019-03-29,Bangkok,Thailand,48.0,F,58.0,1,3170.26,3170.26,1
2471,Ernest Bernard,lambertdevin@example.com,2022-01-11,London,UK,69.0,M,290.0,2,2065.74,1032.87,1
2472,Cody Jones,juanfranklin@example.net,2023-06-11,Mumbai,India,68.0,F,392.0,1,1535.56,1535.56,1
2473,Chad Adams,donaldhahn@example.com,2021-10-23,Los Angeles,USA,18.0,F,326.0,3,5060.67,1686.89,1
2474,Angela Brown,jennifer54@example.org,2022-09-23,Munich,Germany,63.0,F,831.0,0,0.0,0.0,0
2475,Juan Becker,todd05@example.com,2020-10-28,Los Angeles,USA,51.0,M,94.0,4,4912.73,1228.18,1
2476,Beth Kirk,davidkane@example.com,2022-03-27,Toronto,Canada,63.0,F,1011.0,0,0.0,0.0,0
2477,Michelle Smith,brownreginald@example.net,2022-08-11,Sydney,Australia,25.0,F,421.0,1,338.4,338.4,1
2478,Jennifer Sampson,gbraun@example.org,2024-01-04,New York,USA,67.0,F,314.0,1,770.63,770.63,1
2479,Lisa Clay,adam17@example.net,2020-05-10,Vancouver,Canada,35.0,F,223.0,2,1967.08,983.54,1
2480,Susan Black,haleylove@example.org,2020-01-27,Mumbai,India,,F,134.0,2,3124.07,1562.04,1
2481,Xavier Jones,adam10@example.com,2022-10-25,Singapore,Singapore,20.0,F,178.0,2,3612.0,1806.0,1
2482,Margaret Mullins,davisautumn@example.org,2022-09-16,London,UK,16.0,F,93.0,3,2426.43,808.81,1
2483,Sarah Blackwell,zavaladiane@example.com,2020-09-14,Toronto,Canada,55.0,M,252.0,2,829.42,414.71,1
2484,Brad Beard,jeremy70@example.net,2022-10-22,New York,USA,18.0,F,128.0,2,37093.98,18546.99,1
2485,Andrew Ford,rwheeler@example.org,2023-10-30,Berlin,Germany,64.0,M,429.0,0,0.0,0.0,0
2486,John Escobar,wileyaudrey@example.com,2023-12-09,,France,59.0,F,162.0,3,3507.36,1169.12,1
2487,Erin Carter,laurenboyd@example.com,2023-04-04,Berlin,Germany,46.0,F,106.0,5,6955.54,1391.11,1
2488,Laura Grimes,mcooper@example.com,2023-01-05,Mumbai,India,75.0,F,46.0,1,2953.91,2953.91,1
2489,John Wilson,chunglaura@example.net,2021-08-19,Paris,France,36.0,M,197.0,5,5023.79,1004.76,1
2490,Vanessa Harris,lisa13@example.net,2022-06-10,Toronto,Canada,,M,1.0,4,5195.59,1298.9,1
2491,Amanda Cook,michaelhoffman@example.net,2019-02-27,Singapore,Singapore,44.0,F,143.0,1,1822.08,1822.08,1
2492,Michael Jones,jason57@example.com,2021-03-05,Paris,France,57.0,F,535.0,1,1171.92,1171.92,1
2493,Sierra Allen,robertbrown@example.com,2021-10-02,Munich,Germany,73.0,F,55.0,2,2547.89,1273.94,1
2494,Jessica Mcgee,jlee@example.org,2020-11-09,Paris,France,23.0,F,136.0,1,1432.32,1432.32,1
2495,Whitney Macdonald DVM,amyponce@example.com,2021-09-22,Berlin,Germany,16.0,M,1197.0,0,0.0,0.0,0
2496,Janet Jarvis,richard28@example.org,2023-05-02,Chicago,USA,18.0,M,116.0,3,3221.01,1073.67,1
2497,Anthony Velasquez,janet65@example.com,2023-09-28,Paris,France,30.0,Other,8.0,4,2871.82,717.96,1
2498,Heather Diaz,kmoore@example.org,2019-07-27,Los Angeles,USA,24.0,M,1985.0,0,0.0,0.0,0
2499,Alexandra Johnson,rachel51@example.org,2021-06-16,New York,USA,39.0,M,110.0,4,2237.02,559.26,1
2500,Michael Cross DDS,prestoncory@example.org,2022-11-21,Bangkok,Thailand,56.0,F,267.0,3,3050.48,1016.83,1
